structure_id,extinction_group,space_group,composition,source,hdf5_index
01f4250a-125f-44c5-815a-c20fafc49ea7,73,159,C6Pa6,PyXtal,0
c39d7883-927b-470f-8035-34ee71681b8a,73,159,Hg6Nd2,PyXtal,1
242e85e7-6ade-4c94-8a0c-234f462262d0,73,159,Ag6O2Ti2,PyXtal,2
0483610e-9bd7-4b13-8e3c-1dad8d8b7d35,73,159,B2Ni6,PyXtal,3
6c0a611e-bdac-4d15-9936-e19cbc109480,73,159,Li6Po6Re2,PyXtal,4
0bcd11a2-9029-4669-abdd-7297f9888c48,74,158,Ni2W6,PyXtal,5
be446a77-7379-4e15-8afb-4edcd48da34c,74,158,Ra2Zr6,PyXtal,6
4564f6a8-407f-455c-81d1-0383893499f8,74,158,Ga6Po6,PyXtal,7
73bafac3-adad-4b25-aaa7-35e21044e14c,74,158,Cr6In2Sb6,PyXtal,8
dd417466-a6fb-4972-90ec-f2f3279b839e,74,158,Lu6O2,PyXtal,9
a8922d80-0b66-44f2-8009-fe4c81d0210c,74,158,Cs6Sc6,PyXtal,10
4347d32e-834b-4616-90b4-54c1df9ac4b1,74,158,B6Sn6,PyXtal,11
bde8173b-15a8-4766-ba69-90e670c0d58f,74,158,Kr6Ta6,PyXtal,12
bce7db7b-1c0e-48be-8866-3c32e1d4b082,74,158,Au2Tc6,PyXtal,13
0516c150-2f29-46c2-83f3-809d4d24f25f,74,158,Cd6Si2,PyXtal,14
66419f82-aa6f-407b-9420-5496e8193a0b,75,146,Nd9Pt9,PyXtal,15
2a91c741-6c57-4b06-a775-8ccedcdbf0e3,75,146,Ra9Yb3,PyXtal,16
fd796f35-dcb3-47db-81e2-f1c69fd7d10f,75,146,Ca3Ne9V9,PyXtal,17
fff2e5fd-f4a6-4159-adcd-92c7af2b039c,75,146,Hg9Li9Ru9,PyXtal,18
a6f77119-6ff8-43d3-894d-94a570f0967b,75,146,Ra3Rh9,PyXtal,19
a3879c3f-456a-448d-a182-2dcc7a153881,75,146,Mg9Na9Ra9,PyXtal,20
98ca051d-a142-4295-bb11-a48aa04ba006,75,146,Ar3Sc9,PyXtal,21
87b0e62a-2da6-4d89-9790-6a9b634ea1d9,75,146,Lu9Te9Xe3,PyXtal,22
ba03540e-ced1-478e-893c-6af6e15766d6,75,146,Cs3F3Se9,PyXtal,23
75d09d3b-cf82-4429-8c20-260742c06b48,75,146,Er3P9Sm9,PyXtal,24
331be1ef-d48c-41e1-8479-451d0912be8c,1,6,Ir2Sc2Yb2,PyXtal,25
dba1436a-8f3b-4e50-af7a-93ad2fad9ca3,1,6,Ar2Mg2,PyXtal,26
42428d96-32d7-4e87-a497-53cd131027d6,1,6,Li2Mn2,PyXtal,27
41976a7d-f9d4-4e67-8736-78c3ff1cbf5e,1,6,Cs2Ho2,PyXtal,28
c0c279f2-fdd3-42f6-9ef7-48e4578df00f,1,6,Er2In2Tl2,PyXtal,29
8534e176-991b-41dd-91e4-e606e7307dae,1,6,Ru2Y2,PyXtal,30
de260c69-e715-43c4-81e7-1d8ab35ac3a4,1,6,N2Zr2,PyXtal,31
66b370aa-3ff6-477e-b616-4fc82a9c3011,1,6,U2Yb2,PyXtal,32
6ee86091-ea25-4e53-b92a-280ae43bb304,1,6,Ar2Ni2,PyXtal,33
d9822427-15e6-4728-9cd4-8e7fe91990c3,1,6,Fr2Sc2,PyXtal,34
400c91ff-de85-4f6c-9184-18908dd74cdb,2,4,Tl2U2,PyXtal,35
e17f01f8-c2a2-47d2-97f7-47bc0e0b3482,2,4,Lu2P2Ti2,PyXtal,36
b8b05cc8-452e-422b-8c31-a54f2f223405,2,4,Ar2Th2,PyXtal,37
fccdcd16-1f62-4406-9223-db881a0f64b6,2,4,Ca2Hg2Mn2,PyXtal,38
f9c7faa0-6902-4ed7-b6ee-7b0ba5d54d67,2,4,Nb2Si2Ta2,PyXtal,39
1d30b645-345e-49b7-a6e5-f5ff6ed6cd8d,2,4,Pb2S2,PyXtal,40
b25a4b52-6c51-4c32-b558-4e10c53e2c7e,2,4,Ca2Sc2,PyXtal,41
63037a88-2375-47d1-8db0-086b8faca5e5,2,4,H2Tc2Xe2,PyXtal,42
e2d14fa0-6c52-4f42-afaa-222de1165398,2,4,Br2Ca2U2,PyXtal,43
b289854e-fd24-4556-88dc-996e77424a8c,2,4,Ca2Fr2Tb2,PyXtal,44
e8c64df8-5e7a-47e9-8d8a-8c5bcde54c1d,3,7,Fr2Ti2Zn2,PyXtal,45
3995260e-3f56-4890-b819-ab7f21823266,3,7,Gd2Y2Zr2,PyXtal,46
0b383928-3701-467b-b026-3efdb9d66195,3,7,Ta2Zn2,PyXtal,47
51e47851-5b60-4909-9d90-d50a31e482e1,3,7,V2Xe2,PyXtal,48
2442e4b7-118a-471d-93df-56b8e405bbbe,3,7,Co2Cs2Tb2,PyXtal,49
00eb6564-dee0-4e26-b9a6-3a338c746ff3,83,208,He4Pr8,PyXtal,50
ffce83db-5258-455f-b471-e63e1b42dbde,83,208,Ti30Xe60Y10,PyXtal,51
57db4dc4-bf10-4951-9578-263b6e63308c,83,208,F20La12Ne2,PyXtal,52
b6d9a0ba-b149-4c68-be61-be80e8080bfc,83,208,Ag4Bi6Y2,PyXtal,53
11d12c99-fb57-479d-8d4b-5c5f19d4825c,83,208,Hg24Tm12,PyXtal,54
766a71dd-afff-4f29-aef6-81775d9e7374,84,213,Cr8Ge4Sb4,PyXtal,55
fc6cccc2-e88b-4bc8-b4ec-15052f64d854,84,213,At8Co4,PyXtal,56
0b1785b5-9e23-4420-a679-e2430da99e8c,84,213,Au8Ca8Cs4,PyXtal,57
511c878a-74ff-4afc-b839-614c46a5f026,84,213,Ag4Dy8K8,PyXtal,58
c41e861c-10d6-4796-8271-c896c902f6b8,84,213,Ag4K4,PyXtal,59
3e3fd12e-2b89-491d-8f22-89bff9f149ad,84,213,C8At4,PyXtal,60
9e9d8a13-c2ee-426a-87d3-f0dcdf2d44e4,84,213,Mn24Ni8,PyXtal,61
bf25e6e1-5222-436c-a161-508e1a879e4c,84,213,Er8Po8Tl4,PyXtal,62
186ebc32-b76b-406b-ab0e-d832c8e839c2,84,213,Er12Ru24,PyXtal,63
1f234018-d766-4549-8986-ba713707eee6,84,213,Fe4Ho4Na8,PyXtal,64
ae9ada64-eb7b-4b92-b795-e5c20541ab57,85,218,Cr18Si18Ti12,PyXtal,65
d1333077-03c4-4750-987d-76982ea33fb3,85,218,Er8Ho12Sm12,PyXtal,66
041484a9-56de-4346-ac88-b8f38cb68158,85,218,B8Mo6N6,PyXtal,67
69e75fe4-f3fe-4a5a-83c8-d4df93fcd522,85,218,Kr6La24,PyXtal,68
09bcad2f-7582-4411-99d7-3ccc1e1dadb1,85,218,Lu36U18,PyXtal,69
489f800f-1214-446f-ae0a-5ca87087b53a,85,218,Ge8Mn24,PyXtal,70
f0a67be8-1930-4264-9b01-e83003661ffc,85,218,Bi12Gd36Sm6,PyXtal,71
ee337e91-1ffb-4a76-8b0d-9c1e913e39df,85,218,Cr18Cu36Ru6,PyXtal,72
59f1297c-6380-4809-b7cf-8ebae34d7980,85,218,Co24Sn6,PyXtal,73
b579df03-1942-40b0-acd1-4d5efc990789,85,218,Cd2P36,PyXtal,74
368007cb-8428-41c2-8136-3be624f9c096,6,9,Pm4Se4,PyXtal,75
9932d636-b330-4095-bee0-5a167f60cfaa,6,9,Po4Si4Te4,PyXtal,76
741c870c-9321-40dc-b7aa-03782f7b6c4f,6,9,Th4Zn4,PyXtal,77
0220b211-662a-4681-b547-e52eb874b5fd,6,9,Pm4Ti4,PyXtal,78
f9739e5f-9de2-4aed-871d-0b8e1e379cbc,6,9,Fr4Nd4Ru4,PyXtal,79
88b3be75-2795-4e09-9f93-1ecfc395648c,6,9,Fe4Nb4,PyXtal,80
e82b27d4-ca5b-4e2b-9c37-b16442edfb79,6,9,Mg4Zr4,PyXtal,81
98c22369-e598-4a0f-a16f-a5c66c8d35b2,6,9,Au4He4,PyXtal,82
2c239ca1-9fb6-497d-aab4-4be00319102d,6,9,Dy4Re4,PyXtal,83
b9aca569-bb94-40f9-9c53-79c486e6c03f,6,9,Ho4Sc4,PyXtal,84
b41d0516-a5fd-4785-adc2-5b5257048df9,7,25,Ho2Ti2,PyXtal,85
0f075659-0f1e-482a-b4a1-caf0b365b4da,7,25,Ba2Ne4,PyXtal,86
f828a796-71c5-42f1-9aae-b9c8136e17b5,7,25,Ag4Pa4Sn4,PyXtal,87
61e173df-3d1f-44eb-92ee-64501aa8a63a,7,25,Cd2Pd4S4,PyXtal,88
918ecc00-f68e-4d06-a16f-9c2c76838c4f,7,25,Au4Rh4Sr2,PyXtal,89
8444d4b7-3edf-466e-bafd-875390a0c36e,7,25,Er4Pb2,PyXtal,90
bef923c4-bd0f-4554-b3b3-60d3b2263538,7,25,N2Po2Rn4,PyXtal,91
d6f00baf-c8db-4794-bda2-1b83a870a086,7,25,Lu2Ni2Zr4,PyXtal,92
16240716-dd54-4668-9d28-2ac55d067915,7,25,Ra2V4,PyXtal,93
de04b0e3-67de-473b-a1fa-fc1a00f867d6,7,25,Hf2Sb4,PyXtal,94
160db700-811a-49a1-b28f-a02d9e62974a,8,17,Eu4In4Kr4,PyXtal,95
ee5505b3-9d58-4109-bd5d-6ae9623360e3,8,17,S2Y2,PyXtal,96
2fc14e1d-3247-473b-bd6a-8923894a9576,8,17,He4P2Ti2,PyXtal,97
7b99ab12-821b-471b-96ee-15fc4ba4ffd1,8,17,Ca4Ho2Na4,PyXtal,98
3ded2bba-0236-488e-9b89-e7cb5b102284,8,17,Tb4Ti2,PyXtal,99
8355d882-a982-43c6-8739-f9dac02d2296,78,181,F3Sm6Xe12,PyXtal,100
33f388a2-5a8b-4acf-976a-8adb0cb94320,78,181,Xe3Zr3,PyXtal,101
2d25024f-29d3-49c6-9f0e-9a194f273e99,78,181,Cr6Mn3N6,PyXtal,102
27921963-af6a-4956-b065-a0b3ab5fd900,78,181,Ho6Po12,PyXtal,103
26dc78bf-bdcf-4567-b93b-e72c8505dc4e,78,181,Br6Co12Zn3,PyXtal,104
37fe4c3d-6e1a-45f1-b0e4-931160a0ad71,79,170,Ne6Os6,PyXtal,105
b70fb6e8-ac3a-4f6b-ace2-e30653a838ec,79,170,Pm6Sn6Sr6,PyXtal,106
8ab20073-bfbe-4b98-a336-c8c2587cf9d9,79,170,I6Po6,PyXtal,107
5e8eba8b-24b0-4d79-820b-26140cec0a7b,79,170,Se6Sr6,PyXtal,108
cf17e50f-6f16-4798-9cb8-da2749888d1f,79,170,Au6Yb6,PyXtal,109
ea2f4413-9b12-41c1-9563-1e91f5378722,79,170,Fe6Rb6,PyXtal,110
7a93fe6d-d119-4f5e-9389-fc74a0e4f169,79,170,C6Bi6Sm6,PyXtal,111
7d793d51-6201-4b4d-95f3-e8461139eb0a,79,170,I6Tb6,PyXtal,112
d0986467-09cb-41b0-9c57-92809ae07e7b,79,170,Pr6Tc6,PyXtal,113
61b5ef44-7029-473d-8d41-3842d8c77c3d,79,170,H6Ca6Si6,PyXtal,114
053076c7-94e2-43ad-b2af-7932fa0991ef,80,184,Au12Ho12Ra4,PyXtal,115
9bb2cffa-2e33-4bf6-bcee-55e02ce37b42,80,184,Sc12Tc12,PyXtal,116
c2ff1fa5-f157-4240-8e91-56d3b3c6c90b,80,184,Po12Si12,PyXtal,117
7a26d528-4a79-4cee-8c15-170c50f66af4,80,184,Ge12Pt6,PyXtal,118
5ae19c81-c406-40fc-acb3-1327260e7ce9,80,184,As12Ge4Sc6,PyXtal,119
673073ac-4446-4c63-88ca-8f5722d030a0,80,184,S12Ti6,PyXtal,120
ed7f7cb5-abe8-439d-bebd-8528850f708d,80,184,Mg12O2Se12,PyXtal,121
f7e3a6a6-4ced-40b7-b90a-a40e18c66ee1,80,184,Th6V12,PyXtal,122
f9cb7a15-90e1-420e-8c36-d95b710191eb,80,184,Br12Lu6Pa12,PyXtal,123
634b30e7-b134-423f-b52d-5ba81ca243f1,80,184,Cr12Fr4Pm4,PyXtal,124
6d2580b9-bf3c-4e13-b56f-dc4dba68a7bc,71,143,I3Mg3,PyXtal,125
dfd04be1-9149-4083-9037-ede1305f1b6b,71,143,La3Tb3,PyXtal,126
8831e5c0-3a73-48b6-a1f4-196fdd3a23f9,71,143,Tm3V3Xe3,PyXtal,127
142c2d31-026a-41b7-9c58-c545e886f103,71,143,H3At3Sb3,PyXtal,128
e462d680-5f5c-4a11-9837-2cb1c4c97443,71,143,Ca3Te3Tl3,PyXtal,129
3227d3db-53fc-4751-ba7c-14b222a99bca,71,143,Br3Eu3,PyXtal,130
4e2453fd-d957-452c-bdbd-7e1045a3431a,71,143,F3Hg3Rb3,PyXtal,131
424b48ca-cd3f-4aba-bb7b-20729244ce45,71,143,Li3V3Zn3,PyXtal,132
e8ba3a68-5495-41a7-b1ea-89b9d5be7a3a,71,143,C3Ho3,PyXtal,133
ebd31238-4281-4b62-8f2d-d9f2a966c6a1,71,143,Mn3Y3,PyXtal,134
ee59c12a-9e65-4e34-971c-3ecf2ffd1647,72,144,Na3Ne3,PyXtal,135
4478215a-c523-4635-9bb9-729cbfe13bd0,72,144,Cu3U3Yb3,PyXtal,136
1e30dca9-4a0e-4247-82b5-8a39c8c4195d,72,144,Ca3In3Pt3,PyXtal,137
e3d4fbbf-b024-4f03-8f37-841eddcd8a97,72,144,Pt3Ru3Sc3,PyXtal,138
a084d26d-f899-4ebc-986e-b4e636ac8fb0,72,144,Cs3Gd3In3,PyXtal,139
413194dc-957d-43d7-95ef-f249368d70bb,72,144,Ga3Ge3V3,PyXtal,140
91f60ca8-b41c-4d38-99df-137618a3dfb3,72,144,He3Ra3,PyXtal,141
9ba567a1-c707-4de7-b327-8bc8a8c76ffc,72,144,H3Be3Ni3,PyXtal,142
5f9e9ec6-3cab-4a77-af3b-cdb9ca83f7ff,72,144,Co3Pb3Re3,PyXtal,143
428aa4f5-08c6-4b5f-8182-97a91e5b7884,72,144,Li3Mg3Os3,PyXtal,144
9b2b15fc-1635-47c9-8c77-e35f1b1a7b34,73,159,Al6Sb6,PyXtal,145
89a037e7-9dc8-4f13-9e6f-cf6bc5253001,73,159,Ga6Nb6,PyXtal,146
32aa2687-6817-4d2c-bf95-d6a89e6c5aad,73,159,Co6Xe2,PyXtal,147
6d47491e-c0e2-42f0-b99f-7d1f5aa84dd8,73,159,Os6Po6,PyXtal,148
161bde53-60d7-4f15-b8e8-563bdcab05ce,73,159,Bi6N6,PyXtal,149
41cfd711-091d-4bac-ae12-ab1054547e52,26,38,Pm2Sr2Ta12,PyXtal,150
fbe4f614-4491-46d8-b2c7-34b4539067f9,26,38,Cs2Xe2,PyXtal,151
1151caea-114f-481e-a7ca-f083f6f57d91,26,38,La2Ra4,PyXtal,152
a14bf3f1-eaa2-46a7-acb5-df5387233190,26,38,Ba8Ce4Tb8,PyXtal,153
e7c58598-99a8-488e-a962-a1ca09edf14f,26,38,Au12Mo12P4,PyXtal,154
5c0dbb17-4379-40c8-91e2-ac76a0b8b30b,26,38,In2P4,PyXtal,155
e4ca6f2a-2c86-4181-824c-978fef3efcb2,26,38,Os4V4,PyXtal,156
71ef206d-09a1-4456-8b96-ad42e802d0c3,26,38,Mn4Sb2,PyXtal,157
af5117a3-5ab3-42c6-885e-cd55f54da193,26,38,Cr2Pm4Ru4,PyXtal,158
aba78199-80ca-42be-aa26-c77be063c200,26,38,Mg8O8,PyXtal,159
1d6b5e9d-1a83-40e8-982c-87851ae36f23,27,20,Bi4Ga8Ra4,PyXtal,160
dea817be-b9e0-4312-b1cf-43b1621382e4,27,20,Br4Ge4,PyXtal,161
225d3272-bee9-446a-9288-e82b05e07d4c,27,20,La8Sn8,PyXtal,162
b3392d4f-d973-4aea-96a1-98c3f28b1f97,27,20,Ca4P8,PyXtal,163
d03307ff-faa6-4ae8-8096-eebca62021dd,27,20,Ho8Pd8,PyXtal,164
0a84eb18-1dd1-4610-86b3-5af5ca78cb07,27,20,Ca4Dy8Kr4,PyXtal,165
8c26ec51-4e7f-495e-8e0d-03dcc6bfc835,27,20,Ac8Re8,PyXtal,166
e34593c9-5c45-40f7-ba08-73fe58edaab5,27,20,Pr8U8Zn4,PyXtal,167
1a666cba-11f9-4153-a184-05ff097f543c,27,20,Ar4Sn8Tm8,PyXtal,168
928c3ae5-a91e-4a4b-ae5f-21462503ce82,27,20,Eu8Pm4,PyXtal,169
ef9a83fb-e6eb-4f13-8adf-f100c37ea544,28,39,H8Ga4Pr4,PyXtal,170
60e712c9-4982-405b-be65-f8333d3bc639,28,39,Ac8Ir8,PyXtal,171
bd50bae2-a4c6-46be-8ec2-5e22cec5fbc4,28,39,Cl8Er8P8,PyXtal,172
5f2044fa-80ed-42cb-99a8-d7df7c957cd1,28,39,Po8Si4Te4,PyXtal,173
80e004a4-fd68-47d3-b9bc-9e38ab543066,28,39,U8Xe4Yb4,PyXtal,174
302341c0-4dc6-4da1-bcae-f96f75aa4bc3,8,17,Pm4Ti2,PyXtal,175
efd49611-b15a-4451-9b61-60931ebce746,8,17,Ce4Fe4,PyXtal,176
f2cb95d3-0605-4d2c-9f91-2db20f7d36d7,8,17,Al2S4Sb8,PyXtal,177
0595fbab-867a-456e-8cb4-fa56b3aeb31d,8,17,At4He4Te4,PyXtal,178
1470d325-02cc-4453-862f-e4fc1c08fe80,8,17,In4U2,PyXtal,179
3e629282-2d37-45c5-b51b-7d02bd29a5e7,9,18,Hf2Pb4,PyXtal,180
3389a6db-8b6f-4af0-b12e-7a37936592fc,9,18,C4La2,PyXtal,181
ab021725-6691-4cc0-96d5-5a4e0228c079,9,18,Ga2Nd4Tm2,PyXtal,182
1b389e02-1a80-45d4-ba99-5aa710076d21,9,18,In4S4,PyXtal,183
5a1ad0d6-2a8b-4521-a5ee-db898bb1b7ae,9,18,H4Ir4,PyXtal,184
e0ae22b8-926f-4d34-a93e-bfdef6cb3a80,9,18,Ga2Li2Sr4,PyXtal,185
868a10c2-fcca-4636-a4d3-5141205fff6f,9,18,I4Pm2Ta4,PyXtal,186
9d61a843-802a-4ac0-be4f-87dc1ee5519b,9,18,H2Nd4Rh4,PyXtal,187
18f2cf14-045d-4cbf-99e9-661e0e96d7e0,9,18,C4Be4Cd2,PyXtal,188
7c40d8ee-5af9-4965-869d-18dacaede021,9,18,Cs2K4Li2,PyXtal,189
f5ce2df9-7c93-4ee1-87f8-a95428df08eb,10,19,Ar4Ne4,PyXtal,190
c4448805-371c-470d-8923-71059fee0d4b,10,19,Po4Pt4,PyXtal,191
94b4e906-7aa3-4c95-94b2-328a94818269,10,19,Kr4Tm4,PyXtal,192
7363e991-eedb-4a6a-922e-661698887fe8,10,19,Cs4Rh4,PyXtal,193
e708f8cc-4bbd-4b80-91e9-dd2f092c680f,10,19,Bi4Pt4Se4,PyXtal,194
a7a0692a-226e-4bab-8148-3f128af8f3f8,10,19,Rn4Ta4,PyXtal,195
16b442cd-cad3-4654-816f-267c53d3cd30,10,19,Hg4Si4V4,PyXtal,196
9b7b64ee-178d-464a-80a6-1ed12e4c4ed8,10,19,Cu4Ir4Tl4,PyXtal,197
032ac34f-ae09-4b28-b1a0-c45278c14dad,10,19,Fe4Pr4,PyXtal,198
14877a88-d48b-445a-8f26-96c6573427bb,10,19,Hg4La4,PyXtal,199
d44a96e3-228e-4a26-a8ac-6bdfec5f1c06,43,94,Ac4O8,PyXtal,200
2ca71f0c-6b98-4f30-b503-b66ad971245e,43,94,Cr8Ir8Tb4,PyXtal,201
7f8ac6c7-60ee-4045-a811-3ee0d61b1f92,43,94,Po8Re2,PyXtal,202
70f278bc-eab7-46eb-84c6-445edb7dee67,43,94,Ge4Te8,PyXtal,203
148f678f-1884-4a84-91df-96f6a3d37c27,43,94,C2In4P4,PyXtal,204
bbd6f21b-c355-4456-88ae-03e1167b6474,44,95,Be4Pd4Si8,PyXtal,205
8504d9e1-080e-461e-af64-f5cc2183a454,44,95,I8Mg4,PyXtal,206
2a6d22df-840e-4575-bf19-aedc9bc730bd,44,95,Fe4Po8,PyXtal,207
04c4e438-a77a-44d8-80f5-9906c83d5868,44,95,Cu8Pb4,PyXtal,208
6821b50a-b843-4d97-9d1b-ff6dba5bccb0,44,95,Be4Nb8,PyXtal,209
d7fcabae-7e85-4ac2-ad0e-8a13c91eefc2,44,95,H8Rh8Sm8,PyXtal,210
dea6d662-5dbc-4c42-86f9-9a090bd45123,44,95,Ag4Ce4Sb8,PyXtal,211
f2763cb6-a98b-44bf-a7d0-c2438b992bc3,44,95,Eu4Mg4Y8,PyXtal,212
14764afe-29ad-47cb-baed-836d0780805f,44,95,Nd4Ti8,PyXtal,213
dbf96efa-1bb3-420d-b6d4-9a433ef61d75,44,95,Na8P4,PyXtal,214
df59be5f-463d-4211-820b-dfa8d1edc640,45,92,As4Re4U4,PyXtal,215
6c91c9a4-bcf2-4531-bd3d-fb80acad8d53,45,92,Al4Po8,PyXtal,216
1b961b64-048b-4815-9a98-e30c252c53fb,45,92,N4S8Tl8,PyXtal,217
c6b5d919-94a2-4046-9649-157eda774ddd,45,92,K4Th4Zr4,PyXtal,218
8d195b28-a16f-4550-a80e-5773fe0afe0d,45,92,Au8Fe8,PyXtal,219
2252b2ec-d7c5-458b-b966-390918faa9cb,45,92,Pb8Se4,PyXtal,220
1e34fd11-8a67-4e2d-9540-88ba04005b98,45,92,Ca4I4,PyXtal,221
0ed9281e-3035-486c-936c-1183c6f8f3b1,45,92,Ca4Pm4Tl8,PyXtal,222
b90cb239-b526-43f3-9523-e384a626e6f3,45,92,I4Ta4,PyXtal,223
40e4b215-8977-4d0e-a355-d4076ffc15ce,45,92,Sm4Ta4,PyXtal,224
ad6412be-a688-4d0f-b896-27a4c004578c,51,124,P4Yb8,PyXtal,225
0b8e8420-c560-4774-a164-da5810eb1e50,51,124,I16S2Te4,PyXtal,226
acfa7727-bf84-4459-b07c-2551b8b4c361,51,124,Rn16Se16,PyXtal,227
2d4c44f3-94e1-4148-a5ec-055c4f9dc72f,51,124,Hg4Rb8,PyXtal,228
878672a6-a94e-424a-8982-fbf100393778,51,124,Ag8Rn2Tl40,PyXtal,229
c6613f9f-2a88-4635-91f5-fa07eb868a99,51,124,Ac8Ag8Tm4,PyXtal,230
90cdc237-d9a3-4a12-acfd-4c56368422c8,51,124,Ni2Zr8,PyXtal,231
477834c5-8dc3-49ca-a752-bc4082cc4d57,51,124,At16Nb8Ne2,PyXtal,232
b680860c-9650-4fc4-a460-d37186938521,51,124,H16Ho2,PyXtal,233
892879d9-3eaf-4196-a9f7-21cf1c4f3317,51,124,Ca8Gd4Ho8,PyXtal,234
ec6f271f-6bb9-45a8-97d3-12a8f9335a5e,52,136,Mn4Na2,PyXtal,235
6fe106d2-6b7e-4c13-8747-2b6aab40c684,52,136,Cl2Ra8Sc4,PyXtal,236
7c31c404-2ae9-4d93-b7c9-6599ab31d3c1,52,136,Al2Cu4He16,PyXtal,237
25d34b3f-11aa-4c86-b009-2ee6a47ac90c,52,136,H8P4Pb2,PyXtal,238
983ff748-21ff-468a-aac1-f90e5f67f4ed,52,136,Nb8Pd2,PyXtal,239
f385e02c-9c14-43fd-bbe2-a7d269cf2890,52,136,Dy24Ru24,PyXtal,240
a2e3e60a-3fb9-4247-883e-a45da42c27b6,52,136,C12Sb2,PyXtal,241
25a1efe9-e5a0-4684-9686-73d2a20e8aa9,52,136,Sm2Ti12W12,PyXtal,242
86d4d772-f7cb-4d04-a1b3-fe7d6794584c,52,136,Be2Rb10,PyXtal,243
4cb1da0d-46f3-4fec-ab59-d3707e6451aa,52,136,Ar16W16,PyXtal,244
9a074a4f-0abd-4868-9883-6a5a1a07bf23,53,128,Cu16O2,PyXtal,245
4ea16e68-68cc-4cff-8bef-2471c43bee9d,53,128,Al16Sb4,PyXtal,246
bf4dbae4-b674-4436-bb71-833a0d393539,53,128,Er24Fe12Ra8,PyXtal,247
7154a964-7882-4402-81b0-d937438ccfa1,53,128,Ho6Ne12,PyXtal,248
bf79acee-68ff-4b2a-8f07-1cf832bb7e73,53,128,In24P12,PyXtal,249
071ef5ca-f877-4720-a579-5cd08b838e4f,16,32,As2O4Tl4,PyXtal,250
2c7e4700-85d1-4578-94ce-60a4548c32e7,16,32,Tb4Zn4,PyXtal,251
77495103-8faa-4a43-a652-f15e604c9b00,16,32,Gd4Tb4,PyXtal,252
7828f062-c513-4d4f-bc5c-823d60ee2321,16,32,Cl2Ho2Se4,PyXtal,253
0a72d3e5-cbc8-4000-924a-e7bbda3a3ad1,16,32,Rn4Sb4,PyXtal,254
93236093-d5c7-445b-8c58-5688c81d1366,16,32,Si4Tl4,PyXtal,255
275a7832-6cd0-4a88-80f9-388ab1e45a44,16,32,Hf4Nd2Se4,PyXtal,256
c02a0bed-d7e9-40b1-8a08-e9bdda742fbc,16,32,Br2Cs2Nb4,PyXtal,257
0109f4f3-3c95-48fe-9f8e-bae3bff6667d,16,32,C4Rn4,PyXtal,258
499ebf61-7838-4239-9ef3-d0f22d4bbd5b,16,32,N4Tb4,PyXtal,259
81de6bd8-738e-4bc0-8e78-9a0b262cc9e0,17,62,Al12Ga4,PyXtal,260
799de739-482f-4fec-9162-21ef0506d66a,17,62,Cu8Dy8Os8,PyXtal,261
7a11031b-0253-4c6a-aa8a-4927f038707d,17,62,Pb12Sr12,PyXtal,262
eb398461-62db-4f4a-b5ac-c0f0e1027997,17,62,Ho4Rn4,PyXtal,263
69585bd3-9502-41bf-9d1d-5e73dd6edeab,17,62,N4Sn4Te4,PyXtal,264
b8edbb22-4ce2-49f2-b862-86d556c01246,17,62,Cd8Y4,PyXtal,265
31296c90-6dcb-4b81-b1e1-0d445e0e29fe,17,62,O8Sc8,PyXtal,266
fb40bde9-8d22-4ef7-9910-42803c385bb1,17,62,N12Sm12,PyXtal,267
93978cf6-b87a-48b7-88b8-c32a271a304d,17,62,Kr4Na4,PyXtal,268
0b999649-854b-4a08-8595-aa61a51914a3,17,62,Pa12Ru12,PyXtal,269
20061ac4-ce98-4f66-947b-4a8bb7690c13,18,34,Co4Eu4Rh2,PyXtal,270
8b6b37f7-b9e2-43da-80fd-47048ec64cbb,18,34,Ac4O2Th4,PyXtal,271
a9960ffa-86cf-4ba8-8e66-59e1ed0463fe,18,34,Rb4Sn4Tc2,PyXtal,272
786f5f60-1507-43c2-90c9-67f99098bd51,18,34,Be4Ga2,PyXtal,273
97e23fe5-9253-4ba6-9a18-082517a5d934,18,34,Bi4S4,PyXtal,274
b8a70760-d7b9-49d9-93bf-74696d8978c3,81,207,B9Er36V3,PyXtal,275
1d0c4d49-fd4c-4037-82a7-78464606758a,81,207,W24Zn2,PyXtal,276
02c59e2c-d17e-49c7-8c39-6b2d50e59e2c,81,207,C36Mo9Zn12,PyXtal,277
b284fd83-0c01-42d2-82b2-482a92bbdbac,81,207,Cl36Lu6Zr12,PyXtal,278
d3e98d40-9706-4e9f-9214-caed60d1ca60,81,207,Mg36U4,PyXtal,279
af76adf7-ba29-439b-857c-e9ad8bdd8b30,81,207,He24O6,PyXtal,280
7ea439b2-9fde-4ed7-90fa-1df3141012ac,81,207,Cr8Tb24,PyXtal,281
a41d5758-a9d6-4c60-b5bd-d0516cd4aa0f,81,207,Ag36Pt3Xe18,PyXtal,282
b8369509-7362-45ca-bb21-2c187e97a21a,81,207,Ir4Se8Th24,PyXtal,283
9efd9492-b033-4280-af5f-122fe2136974,81,207,F24Se3,PyXtal,284
bb73394e-18ed-41e3-b9d9-215651efffc9,82,198,Rb4Te12,PyXtal,285
e0cf61b5-fc32-4b98-b346-7dd58a8bae37,82,198,Fe12S12,PyXtal,286
decfb344-0a50-4ac2-bcbe-fbbca95b0c52,82,198,I4Nb4,PyXtal,287
66fb9d15-ac5f-46ad-8a1b-46557f2616b2,82,198,Ho12P4,PyXtal,288
f6856409-d531-45ee-bfb2-1a15c5d03a78,82,198,As4Gd4La4,PyXtal,289
609f9a1a-f30c-4488-803e-8a7e678ad33c,82,198,Mo12Na4Y4,PyXtal,290
3b00cba1-3499-4639-8c47-b8c81a735dd6,82,198,Cl4Ir4Tm4,PyXtal,291
296d8899-af84-40ad-8f64-8646fac91564,82,198,Bi4Co4Ge12,PyXtal,292
72e52ab2-d38f-4e33-bec7-3a140addb640,82,198,N4Pb4,PyXtal,293
645e1f19-f049-4c4b-b7c9-f34bfddf30c5,82,198,O4U4,PyXtal,294
e6d50914-3e5b-4e73-85f4-50651fe625df,83,208,Ac4Eu8,PyXtal,295
5d8023d4-652f-4046-ac71-f504232dedf3,83,208,Br6Pm2Rb30,PyXtal,296
404b91d4-df5a-4a17-ba3c-b73ce6111278,83,208,Rh12W6,PyXtal,297
6aba1ae5-1cf1-42c8-8f0b-6c4bb0ed1aa7,83,208,Eu6Kr12,PyXtal,298
62ce0c20-ffef-4224-a566-514937e26380,83,208,F4I8,PyXtal,299
06f58d25-5e60-441f-856c-346cff19e00b,76,161,Co18Sc18,PyXtal,300
7506e764-cbc5-4dc6-9f03-08713ec6d336,76,161,N18Pm18,PyXtal,301
b51fe8ac-9ab1-437f-a0a2-782fc03e66f9,76,161,Cl18Dy18Po6,PyXtal,302
679f20ef-9194-4ef4-81dc-85909f063ae6,76,161,C18Tl18,PyXtal,303
2f0c3a80-8acc-4b81-a683-c7432e20bce2,76,161,Sc6Tb18,PyXtal,304
4e05937e-11b0-4d49-a9c2-8d79a5655b8a,76,161,In6Ra18Sm18,PyXtal,305
0be2c48d-a723-489e-a12b-ae5ae5664cb6,76,161,Rh6Sb18Y18,PyXtal,306
0cdca324-39f2-47d6-b147-33cb0fea0ef5,76,161,Ag18I18P6,PyXtal,307
cf436ef3-907c-4c47-bd27-1dba17f0743d,76,161,Ce18Hg6Sn6,PyXtal,308
a841c748-ae7a-44e5-82d0-62076b8bde61,76,161,Sm6Tm18,PyXtal,309
3fb5fe81-6955-46f0-a1eb-c5502327dd8a,77,173,Au6He2Tm6,PyXtal,310
598ed168-aca8-4062-8e99-0628bcb7e705,77,173,H6Fr2Tl6,PyXtal,311
0ffd9b68-f2ff-42b2-9366-9e6d6e9f871a,77,173,Eu2Ir6,PyXtal,312
e4c1caf5-b251-4aed-b00a-a3d7ae48edfa,77,173,La6Tb6,PyXtal,313
f2a1a6a6-dc1a-483d-a9cc-46fcfad2ed4f,77,173,Ar2Os2Zn6,PyXtal,314
de18acd7-91d2-45b2-9dc5-8a409004c8bf,77,173,Ac6Li2,PyXtal,315
cd8a9993-93d9-4120-8bc2-dc3b1abe0da6,77,173,Ho2V6,PyXtal,316
650edcf2-e0f9-4106-ae61-f5faf4d79824,77,173,Lu6Ne6,PyXtal,317
3090afb8-bffb-4535-b79e-89f3ea90f71a,77,173,Mo6Ta2,PyXtal,318
2a166a52-9ced-4dca-a311-3a6b72d8cce5,77,173,Pm6Sc6,PyXtal,319
0c7b9c2c-ba13-4dfc-b018-e3dcfa5fa79a,78,181,Ar9Ge12Pr12,PyXtal,320
92fa9700-260e-4a3d-aec7-961d73e8e3d7,78,181,Sr18Xe6Zr9,PyXtal,321
857fc476-f080-47f1-87b4-1835c855baee,78,181,H6Pr6,PyXtal,322
7549a986-2d2e-4f5d-9d1b-e25bf874ef73,78,181,He12N9,PyXtal,323
38515081-b68f-43e8-96d1-bafe65c1ad86,78,181,Ho3Si3,PyXtal,324
68a6adc8-df6f-4116-a2b8-c57f03c2a3f8,23,56,At4Fr8Rn8,PyXtal,325
c766237d-b239-4c26-9d32-82dfc9e5d7ed,23,56,Cs4Ti4W8,PyXtal,326
1bdbc721-98f1-477d-b73a-e4e44c2a5dc3,23,56,Li16Pb8,PyXtal,327
5baba840-a06c-4371-9484-500782a3850a,23,56,B8Ge16Tc8,PyXtal,328
355c5800-919e-4f9a-9a79-9a1d917f9da9,23,56,U16W16Zn16,PyXtal,329
1f0ec578-d580-4822-8ea1-1d67664e25ed,24,52,Rn8Te8,PyXtal,330
13144d84-89b3-4423-b62b-56af29064d44,24,52,Hg8Se4,PyXtal,331
f558ba49-9d91-4f77-b39f-1c69802a18fb,24,52,B8N8Sn4,PyXtal,332
1b14389b-d88d-4a1e-9221-833de7dcd782,24,52,La8Th16,PyXtal,333
42f87dde-b2bc-4cae-a8aa-2655b78d9d9c,24,52,Ac4Hf4,PyXtal,334
1d1e3c29-acc2-4893-a8b4-6d2a5e7c0f98,24,52,Ge8Ir4Zn4,PyXtal,335
13846449-8bf3-418f-ac07-23b4916c1e9e,24,52,Au8N4Rh8,PyXtal,336
005230b1-0cf9-473c-bbd3-57f43b43784d,24,52,Ag16Sc4,PyXtal,337
7f3cdc99-64b9-4b81-9570-8beaad512ae9,24,52,Hg8Lu8U16,PyXtal,338
2722755b-f94c-469d-8a4c-5c3b3f3b4704,24,52,Cr8Cs4Fe8,PyXtal,339
14b4a231-7013-429b-9ee4-46a49ac83201,25,48,Nb2Pd8Ta4,PyXtal,340
d6381497-7a72-4b52-a3d3-1a6710922181,25,48,Ag4Eu8Gd8,PyXtal,341
cfd1364e-d8ba-4812-8097-d3822406e8b6,25,48,Li2Tl32U4,PyXtal,342
3764c802-cd0b-41e3-98c0-877f40eab206,25,48,Mo8Xe8Zr8,PyXtal,343
e37ba34e-5b39-47af-b279-8811bdce089c,25,48,Pa8Pm4Sr2,PyXtal,344
4d2359fa-68cd-44ca-bebc-ed19129e0dfb,25,48,Li2Zn4,PyXtal,345
d28f9c93-f5a5-49a0-8d50-9bf1c4a96c23,25,48,Ba8Cr8,PyXtal,346
1e2c3b4f-978e-4158-ba99-419e44abbbb8,25,48,Ce32In4P2,PyXtal,347
4ffc2711-f530-453d-b6f5-f9afe1e4b5fa,25,48,Ba4Ho8,PyXtal,348
38ed9214-9ba6-434e-b65e-a1b21efc98b5,25,48,Ir8O2S8,PyXtal,349
58b7d32d-aa0b-42f4-bb76-025c96de3007,58,133,C48Os24Ti24,PyXtal,350
785ff30f-6861-45e6-bb5f-c911721de6f3,58,133,Po8Tb8Tc16,PyXtal,351
6ebb2a97-2f34-46ce-bb1b-4c5faf1431f0,58,133,He24Tm8,PyXtal,352
92f45cc4-9720-4dd4-a116-78e151e14ccc,58,133,La16Sc4,PyXtal,353
9e27a32c-3538-4da5-8808-52ed3da7ea77,58,133,Bi48Ni12Y12,PyXtal,354
8b493297-0d1c-45f3-bf72-ef1e7f8f4a4b,59,138,Ca8Ga8Hg16,PyXtal,355
f84888c8-c360-47fe-8e11-d9dff4e4760b,59,138,Fe4Sm16,PyXtal,356
54005337-5088-46f1-bf38-8a4b28305416,59,138,Ca4Pd20Sc4,PyXtal,357
c346f55e-69c5-4102-ab4f-d7e0ce757b69,59,138,Hf16K32,PyXtal,358
301830fd-32e1-40a8-9133-3b11287cc398,59,138,Ga4Os20Te4,PyXtal,359
e9618b48-5ac2-453c-9d6b-4695f175a85d,59,138,Nb16S8,PyXtal,360
044cbec1-3b55-40e3-8060-cd1b7a10c582,59,138,Nb4Ta4,PyXtal,361
bb7fe610-4fc1-4b14-90b8-5322da98343b,59,138,Ag32Zn32,PyXtal,362
52f3910c-0f85-4462-aad6-e0c6e13c9de1,59,138,Sc8Se16Sm4,PyXtal,363
2990a612-3cff-4c41-90c9-4dd1899e3bde,59,138,La20Os4,PyXtal,364
14f5d074-e522-427a-988f-bb2c28fd9977,60,130,Cd24Cu12Kr8,PyXtal,365
a727c2de-4a9e-490e-a658-6f7e2d8c2596,60,130,Au24Rb8,PyXtal,366
42a40df9-fc08-492a-8de5-c8f3ae682ad2,60,130,Nb8Ne24Ta4,PyXtal,367
7ab75dd2-d215-4522-8f39-560df5b098a4,60,130,Nb8Sr16Ta16,PyXtal,368
45ca231d-5478-432c-bda1-9328051fbdce,60,130,He16Y16,PyXtal,369
ed069055-d0e2-4f62-b2b2-f3fd5fb6b1de,60,130,Al24Be8,PyXtal,370
f40e5e7b-7506-443b-bdc8-b0f7127dac25,60,130,Ge4Hf16Sc8,PyXtal,371
938ede8f-cffc-45d9-91b3-4d0853c6f3ed,60,130,Eu12Ga12Ne24,PyXtal,372
6aa4ec0b-b04c-489f-8650-c73ab499e3f0,60,130,U12Yb12,PyXtal,373
7f3c68a7-8b3c-4e21-8b7c-21c70bf9f788,60,130,N16V4,PyXtal,374
e9599a05-67aa-45cc-9193-bfd6b1c2d541,3,7,Gd2Th2,PyXtal,375
8ced2903-ee3a-4dd2-879e-4d86f004eaee,3,7,As2Er2,PyXtal,376
bd70a552-7123-48ea-9b82-30475a28417e,3,7,La2Pa2Pt2,PyXtal,377
63924e48-d879-4e42-b124-4ab6712f0326,3,7,Dy2Kr2Y2,PyXtal,378
26c479e5-7c3e-40f6-8d3c-f5c6bac1be0a,3,7,Br2Kr2,PyXtal,379
7a9713fd-5432-4a4d-9529-6eb615c5c15c,4,14,Te4W8Zr4,PyXtal,380
0e26c948-878c-4be5-be85-adb92f07b9e9,4,14,Rb8Rn8Sr8,PyXtal,381
78661633-b06c-4055-be12-d42fa4841ed4,4,14,H4Pt2,PyXtal,382
7ebce5d3-75c1-4d33-93af-a75706bd047c,4,14,Cl4Pr8,PyXtal,383
b5be9d4a-6c14-4d63-921e-122ab3a34b10,4,14,Ca4Cd4Tl4,PyXtal,384
c66cb6c6-d149-480f-bf33-b0ac0223347a,4,14,Au8He8,PyXtal,385
b9129fa2-781e-4706-be1f-1a545226d240,4,14,Fr4Ir4Zn2,PyXtal,386
bd086a7f-7d2d-45bf-bf6d-6fa6e42dd567,4,14,Be8Ne2Ni4,PyXtal,387
26f02f40-c042-4958-8326-d8c98fc59170,4,14,Eu4Gd4Ni4,PyXtal,388
5b747882-44c0-407e-a3b3-8295b38e5bb7,4,14,Ag2Kr8,PyXtal,389
00698289-1867-49f5-8199-3bcdcb844fec,5,5,Cl4Ti2,PyXtal,390
e878ccc3-531b-45ee-93eb-5b32bdf6209c,5,5,Cs2Mn2Sm2,PyXtal,391
ccb408dc-915e-4c7a-9b30-8e606f2acf40,5,5,Si4Sm4Ta2,PyXtal,392
cf09e372-fbc6-4233-bc41-7dbf83f29ac4,5,5,Cl2Re2,PyXtal,393
26f8c95b-b7ba-44de-aebb-21b131b10383,5,5,Lu2Po2Sc4,PyXtal,394
f5f84ae3-8760-46ad-9bbd-36ea4f41bd12,5,5,Cu2Ho4Nd4,PyXtal,395
95aabbde-76e9-489c-9c00-17dbfd785f6b,5,5,Er2Kr2Mo4,PyXtal,396
c7a3d8c4-6f10-4b60-96af-fd28bbeeab0e,5,5,Ga4V2Zr2,PyXtal,397
b71cc474-1ac4-4fe8-9d7a-2651998c29ae,5,5,H4Ba2Pb4,PyXtal,398
2a971076-b4b9-4cf6-9270-8e187692c5c8,5,5,Pm2Ta2,PyXtal,399
d15d3b8b-c8e3-4c6a-9de8-0d095546ff9c,38,43,Pd8Th8,PyXtal,400
b0e5d7aa-deba-4a23-84af-714f2936c21f,38,43,Fe8Tl16Yb16,PyXtal,401
53ddfb73-107d-4757-b8ad-40f7ccad0727,38,43,As8K8,PyXtal,402
f5c467a5-c303-421d-be97-0eadbc53dc87,38,43,Hf16Pd8Zr16,PyXtal,403
9d06a29d-4dac-4806-a3af-b746f450cf66,38,43,Cd8Sb8W8,PyXtal,404
444fbafb-feba-4c34-ad2d-df4598188f1a,39,70,Ir32Rh16,PyXtal,405
bb52cac6-d316-4369-97d5-91c377ebfd5b,39,70,Nb16Sb16,PyXtal,406
185ed130-822f-4d78-b58f-4e0b03239126,39,70,Be16Y32,PyXtal,407
caa536db-5f06-474f-920f-5b26e98e8be3,39,70,F32Pd16,PyXtal,408
07cdca7f-8549-4703-95de-a7d11e8761b4,39,70,H32Yb32,PyXtal,409
281cb731-9711-4e74-a706-2819089dc27a,39,70,Ru16Xe8,PyXtal,410
47813d09-34a2-4fad-87ca-281ea77b1855,39,70,Li8Pb16,PyXtal,411
758ea178-f0c3-485a-ac4e-dfba98c6036f,39,70,Ru8Sr8,PyXtal,412
8e853a90-bd0c-4f71-b904-39c63be8766f,39,70,Cd8I16W16,PyXtal,413
1c909101-7867-48d8-a6c4-a54a1704fd2c,39,70,Br8Fe16,PyXtal,414
4500062b-2181-4f12-8d00-00c7b0aefcda,40,115,Br8Nd16Pm2,PyXtal,415
ab6f432a-5c27-4f4e-b787-ba79248de5df,40,115,Cd4He4Sn4,PyXtal,416
e187a17f-6c30-4c81-9d60-dfa1c1a411f9,40,115,Co8Dy2Tm16,PyXtal,417
869c0894-b90d-4e1b-9e3f-3166804d81c5,40,115,Cr2Nb6U2,PyXtal,418
fb8f7067-6f4d-40e4-be6f-44a067bcfa61,40,115,Fe2He4Th4,PyXtal,419
fe72e889-a39e-40a5-b920-04382aafdaf1,40,115,Al6Hg6,PyXtal,420
0ec9046e-48f6-4dda-8133-1d32fb7a8758,40,115,Ir8P2Sc8,PyXtal,421
ac5800b2-f38c-4d82-8820-69221900844d,40,115,Cl4Li16,PyXtal,422
c5f3986c-6464-4b1d-b70d-2dbce85dc13c,40,115,Ca2K2Zr2,PyXtal,423
ede6af74-5290-41aa-be27-5f73e95cebab,40,115,Ni4Yb8,PyXtal,424
9e8b9c3d-530f-4bc0-b8a2-1502fc132805,11,51,Fr8P8Zr8,PyXtal,425
bf2c8768-dffb-4e19-a4df-2a1b45492d4c,11,51,Hf2Ne8,PyXtal,426
29769d08-5179-484d-b437-f121c41551cf,11,51,Ac4Mn12,PyXtal,427
34d37e59-e1cb-40e0-b234-6f667cb77ad6,11,51,Ar2Se10Tc4,PyXtal,428
d6cbdf6d-2f78-4d62-84ae-981384113c15,11,51,Gd4Te10,PyXtal,429
7f32a0a4-2f02-4e91-b1ce-a90a6ca9afb5,11,51,Ga12Th4,PyXtal,430
175f08db-3a6b-44b4-85d0-873706991386,11,51,Ne12Rn12,PyXtal,431
de21575b-fe7c-4215-9c54-7a3a4b7f2d8b,11,51,Al12F6Y2,PyXtal,432
4147f910-5a4d-451e-80f2-70d9f07bff33,11,51,Dy20In4,PyXtal,433
3d80aa83-9850-48c8-bcba-b2c79bb6702e,11,51,Fr4Ge2Xe2,PyXtal,434
213e998c-0b16-4d25-9ff7-6030f91f58ea,12,59,Au4Eu4Sc4,PyXtal,435
29145d43-8ed9-48ec-9521-ebd31f5e2eab,12,59,Ce8Mo8Tc4,PyXtal,436
221548c1-519a-4874-9f5d-3f2a15cd690f,12,59,Ba16K16Zr2,PyXtal,437
db9406b6-a81a-478f-a762-ef57f5ce8bb8,12,59,At2Mg4Ni4,PyXtal,438
09e13a90-dd3f-4432-9932-a22ce41a0617,12,59,Ca4Pb4Rh4,PyXtal,439
bf4c8f0d-d8c1-4458-a73b-48708524ebbd,12,59,C2Sb4Sc2,PyXtal,440
57d5e559-5306-4745-997f-26e11d809086,12,59,F4Ir2,PyXtal,441
75d1db6c-4dd8-4a98-890f-e442cb168aab,12,59,H2As2Tc2,PyXtal,442
5b309f93-e90a-4262-bd13-a609e7f246aa,12,59,Br4Sc8,PyXtal,443
39ab3006-4f83-4ef0-81df-29861e109efd,12,59,Ge8He4Sm8,PyXtal,444
e5a38016-08f0-4e69-98b9-a6bd4413a2bc,13,49,Ni8S4Sn16,PyXtal,445
6e34c907-43d8-468e-a9bc-0652e3ece3a1,13,49,H8S8,PyXtal,446
77ad2a43-9c88-400b-91b7-2cf28df9ee04,13,49,Cr8Sb16Tc16,PyXtal,447
7914b556-f34e-42b9-ab5c-0ec6eacaef37,13,49,Ir8Pa4,PyXtal,448
b362c9ee-a629-4cd7-8dd0-07d43d96d53c,13,49,Gd16Ni16,PyXtal,449
e8cea8e0-19e7-454e-9dfa-5cd11dee8225,18,34,Rn2Si4V2,PyXtal,450
8c08068c-ecc4-40e5-aec0-6aa59319bf5f,18,34,Fe4O2,PyXtal,451
02d23b5c-6b14-43d2-8f29-f879ffc8d5c5,18,34,Ra4S2,PyXtal,452
acba3962-b835-4590-80d9-e1026800eba7,18,34,Cs2Ne4U2,PyXtal,453
a0bf6720-386f-479e-8166-f28e19a0b5bd,18,34,Ag4He4Tc2,PyXtal,454
3ad78e65-8dc1-493a-a031-d9ed53eff49f,19,54,Ac8Nb4,PyXtal,455
e476daec-ecf4-4aa1-bf59-4dd1b1f8f4fe,19,54,Be8Nd8Ta8,PyXtal,456
ffd3222b-3307-4bae-8f32-21bdd153bc06,19,54,Sb4Si20,PyXtal,457
b9b1928b-324a-4820-b4e1-0d7211bc07fc,19,54,Ar20Ce20Pm4,PyXtal,458
b70ac4ce-e964-40b8-b14e-affe331d5025,19,54,Au4Pr20,PyXtal,459
e37a5f69-39fc-4a19-ae8e-3b44e037ce61,19,54,As20Sm4,PyXtal,460
6c7132d1-dd77-4b96-98e6-b87688533410,19,54,Nd8Yb8,PyXtal,461
fa646d5b-d9ee-4544-aff8-d856b7effa7b,19,54,K8Li4,PyXtal,462
73fcac53-9a91-4302-9f4f-d46a45bc6633,19,54,Fe4Ra8,PyXtal,463
d45a6f8f-d18c-4025-8224-6a013c44d275,19,54,Dy4Xe4,PyXtal,464
fee7de58-b6a2-48a6-99c5-9c8c75555d56,20,50,S8Si4,PyXtal,465
71003e45-cde2-422b-83ee-436dffc12ce5,20,50,Ar8Cs16Gd2,PyXtal,466
6486c334-e472-4b8d-801b-065453ccd0fa,20,50,Na32Sr2,PyXtal,467
3f409f3f-8cbe-47af-851b-f8991dcfa78f,20,50,Rn16Sr2,PyXtal,468
9d91f2eb-93a7-4675-a5bc-c713d91638c3,20,50,Po8Pt8,PyXtal,469
f1bc91dd-eb68-4b05-a4df-a9c081821777,20,50,Sb2Se8Yb16,PyXtal,470
63aa791d-61d5-4f0d-aed2-855813da94a1,20,50,Kr8Tl2,PyXtal,471
6390e3e5-660a-4bf4-9bfa-a90c40d9ccc8,20,50,Ga32Mo8Ta8,PyXtal,472
820999c6-93c9-4c66-bb0c-a84f7d73ff9c,20,50,As2Mn32Ni4,PyXtal,473
2f086b5a-6c61-4065-960e-a8973cc8e9df,20,50,La2Rn8Sm2,PyXtal,474
516b4f08-5fc0-4216-863c-3e8b6ed0fe33,21,61,Ge4U8,PyXtal,475
e7afb49b-6b88-4767-a5b2-f05fb4f990e0,21,61,F8O4,PyXtal,476
48ae1bca-eee1-429f-be8b-878eb8f1fd4e,21,61,Ba4Dy4Nb8,PyXtal,477
9930b967-e6bd-47fb-bbe3-e4f839eae310,21,61,As8Nb8,PyXtal,478
97a941c1-488d-4fb4-9159-1db5b709e6ce,21,61,Cl8Os4Th4,PyXtal,479
1a9b5035-a372-4de5-9423-7ee02d2aca66,21,61,Au8K8,PyXtal,480
1d7ae949-9c5a-4530-86d6-0803555eea29,21,61,Mo4S8,PyXtal,481
46f1ebab-081c-4cee-a1b8-e859ae9bdb7e,21,61,Co4Yb8,PyXtal,482
6461309a-26dc-49de-a540-c3d5bd79064b,21,61,Al8P8,PyXtal,483
0af280af-4b88-4bc1-9363-4243ba5c65e8,21,61,Ni8Ra8,PyXtal,484
24baf8af-e552-4095-8904-c6489ee5fca8,22,60,Ne4Tl8,PyXtal,485
e1d29af2-f37d-4676-ab1a-2ff7b3c1d05c,22,60,Fr4Ho4Ta8,PyXtal,486
954e830f-89ca-4feb-807d-3390ef399ee4,22,60,Ba4Nd12Zn12,PyXtal,487
83571ac2-fbfc-4a1e-b6c0-ff51f7cd7d10,22,60,Bi12Hf4I12,PyXtal,488
083a7ecd-8483-466a-9e17-33c63d6fbb62,22,60,F8W4,PyXtal,489
f158341a-c3e3-4ebd-b696-1748b950893a,22,60,Pr12Th4Xe4,PyXtal,490
11442448-59d2-4d3e-a735-95e59a90680f,22,60,B4Cu8Ni8,PyXtal,491
293d6b6d-0786-435e-ae85-dea86e1f058b,22,60,Au8Ca4,PyXtal,492
7c094b08-bd6a-40c1-9d46-a3c5608919c5,22,60,Nd8Si8Yb4,PyXtal,493
21a0522d-cae1-404a-8b1e-a8924a991f29,22,60,H8Tc8Zr8,PyXtal,494
e41b0fda-6ed6-4bf8-98b1-b66939c28019,23,56,Nd16S16Zr8,PyXtal,495
03e467fb-67d7-4810-9605-21b067725156,23,56,Fr8K4,PyXtal,496
d107a8cc-4b76-4fb1-8728-a07fa951383c,23,56,Li8Mo8Y8,PyXtal,497
fc730010-4f42-426f-ad43-9f53dd818cb4,23,56,Cl8Te8Y4,PyXtal,498
a40a2492-5118-4f1d-88c6-bff71aed8a05,23,56,U8W8Y8,PyXtal,499
28c9558d-62b7-4a76-b2ac-8b4c23f5403d,48,100,Ba4Br2Ne2,PyXtal,500
932e299b-3efd-494a-915f-6d12856487c0,48,100,Ba2U4,PyXtal,501
1cf71381-ed22-4c2f-a6f0-5ac14240aa01,48,100,Ho2I4Sn4,PyXtal,502
4ef52552-b709-4f73-ba8b-59c79dd0ddca,48,100,Hf4N4Ru4,PyXtal,503
0f9b57db-da44-408b-9ab6-03499f61ce65,48,100,Cs4Ra4Y2,PyXtal,504
459e788e-e63d-49f3-897d-fe6b5a6a26f4,49,106,Gd8Hg4Mg8,PyXtal,505
40b41b36-06d6-4619-85fc-9e25279dfe64,49,106,I4Sc4Tm8,PyXtal,506
e07541af-d021-428e-a2b8-f18ffb8cd0b9,49,106,Nd8Tc4,PyXtal,507
007055fc-2bad-4bed-a053-7aa61f61217d,49,106,He4Hf8Nb4,PyXtal,508
8fc1a1cf-d65d-4a15-8a4a-29f17fff26db,49,106,Cr8Ho4,PyXtal,509
1ba82058-db2c-4466-9c18-ffa3d263ba4c,49,106,Cd4P8,PyXtal,510
7894e5e0-bcff-42e6-b784-482c46d49835,49,106,Pa4Tm8,PyXtal,511
b96cf517-dcf7-4605-b07f-d4133b31ea40,49,106,Be8Rh4,PyXtal,512
321ac770-badc-4e4b-b1c1-6c6c6cd08e3f,49,106,Al8Ho4,PyXtal,513
a8bba945-7334-4788-af5a-d8d5d4137e70,49,106,Ar8Ho4Na8,PyXtal,514
afc0ed60-f410-44fb-b4aa-ce5cd9adbae6,50,101,Au8Ce4Sb2,PyXtal,515
d185d3d3-6a54-49e9-90e9-de240803bab3,50,101,Ir2Os4,PyXtal,516
49005cf9-2e19-4de5-9d0d-04997bafa23e,50,101,Al8Ir8Y8,PyXtal,517
d7e51d28-3b36-4dce-8250-efcbbb78477d,50,101,Sb4Th8,PyXtal,518
56e09e7a-0e1d-4541-96e4-af5a66d014a6,50,101,Bi4Nd2Po4,PyXtal,519
83623472-7ef5-463e-b649-840d213c34aa,50,101,He4Hf2Sr2,PyXtal,520
3a6e53f7-3d5f-4afa-9164-f799a428bf2e,50,101,Au4Co4Sc2,PyXtal,521
77d56d5f-1e6f-42e2-85a4-9cf339cf25f9,50,101,Dy4Er2F4,PyXtal,522
b29e304f-a741-4877-a051-009a61403e87,50,101,Fr2Hf8V2,PyXtal,523
549c1f60-eeda-49ca-a236-6225a9da166f,50,101,Cr8Ge2,PyXtal,524
14b43213-9fa6-4294-ba0f-c8ea49951b95,41,90,Hg4Ni4Po8,PyXtal,525
9bf40009-1b07-46de-8f3a-fbf30168e8c9,41,90,Ge6Sc6Xe6,PyXtal,526
12f85c8c-81ce-4e79-ba8f-11dc49780505,41,90,Ag2As8Ho8,PyXtal,527
d164079f-cebb-46e1-9084-520e142ec61d,41,90,Eu2Mo4Rb4,PyXtal,528
31befbf0-5a1e-4d20-9b13-139abd212bfd,41,90,As4Kr8,PyXtal,529
1a874308-6e76-4287-8203-42d5730a15a6,41,90,Ba2Ce6,PyXtal,530
c6c3622c-3df7-407e-8fa2-03909445d7d3,41,90,Hf4Ir8,PyXtal,531
51d69f13-1258-49d9-8c2d-751c00cfb8dd,41,90,Ne2Th12,PyXtal,532
aa5d2df6-4aca-4bdd-951b-6be59e7ac2a5,41,90,Ir8Rn4,PyXtal,533
451407f6-9cba-4dc9-b83f-9c91e39a9f14,41,90,La4Ra4,PyXtal,534
8534f690-b7a1-467f-929a-76a4361fc6b5,42,77,Mg2Ti4,PyXtal,535
39cee92c-aca6-4bf5-bdce-e059de20c424,42,77,H2Ru4,PyXtal,536
fad9a8fa-3928-4e50-912c-4fd973ec4583,42,77,N4Tl4V4,PyXtal,537
efbbeb79-49aa-42d4-a0be-1e9d32da1be6,42,77,Ru6Sb2,PyXtal,538
d6883f5f-6577-4d4b-84bd-e18f665669f3,42,77,C2H4,PyXtal,539
a3fff8fa-9067-4f43-b49a-f4adf4cc7a46,42,77,Bi6Ge6Ti6,PyXtal,540
edc253c4-b550-4fbf-8045-31708fc272a7,42,77,Ce2Pb2V4,PyXtal,541
99e7cac6-c753-4c8e-98ab-374cf6bd0548,42,77,Bi4Mo2Yb2,PyXtal,542
ef8fc85d-d626-4a2e-a1a9-b10a1f23c3bc,42,77,Ba4Sm4Y2,PyXtal,543
9c8a55cf-2687-462b-8597-4e300b0ac695,42,77,Gd4Li4,PyXtal,544
f1bfd23c-cb19-44cd-a604-ccd4656ba626,43,94,Pb8Th4,PyXtal,545
c3c9caee-b2d2-444b-b0bb-3ccfb6566b42,43,94,Ac8He8,PyXtal,546
5b003afe-4ed1-44df-bf00-3df79bba1311,43,94,Gd8Li2Se16,PyXtal,547
33992fbb-8e48-4661-818e-e3d8c908abd1,43,94,Au16Lu8Pd8,PyXtal,548
a6c98cb2-17db-44b1-b4fd-3f1380d9833c,43,94,Ir2Ne16Ra4,PyXtal,549
4edf03bf-4fae-484f-851d-92e642c35ad2,63,87,Ru2Te8,PyXtal,550
d3057363-f699-408d-93cf-e4f0f8cab45f,63,87,Br2Ca16Ru8,PyXtal,551
421802bb-4fc4-4910-af58-f31767381b91,63,87,Al24Cl4P8,PyXtal,552
973fb415-fa9e-41ea-a7c0-5b0b7c424a6c,63,87,Br24Ir12S6,PyXtal,553
8ee3f357-ad7c-4ffd-ae82-73673ff6579a,63,87,Cd4Ne24,PyXtal,554
3b258e83-ee0a-4aeb-b83d-efa179d8079e,64,80,Kr4Tb8,PyXtal,555
7cc370fc-2903-4d98-9482-165241cf0f00,64,80,At4He8Zn4,PyXtal,556
f4dead22-22e7-4bfd-a1dc-0d727f6e9a22,64,80,Au8Sc4,PyXtal,557
f340bbf5-2888-41d0-93af-1fc6bfcfb009,64,80,Mn8W8,PyXtal,558
93ca6bcf-5dbe-4914-8734-25b4138ae2b6,64,80,Cr4Li8,PyXtal,559
eb6015d2-a4f0-41c6-9b33-3ead10f5c954,64,80,Rn4Sn8,PyXtal,560
2615b2ab-a527-4c16-9ace-7b3635e90bb7,64,80,Pb4Tc8,PyXtal,561
fb6d6bd7-e398-4dc5-95dd-85b46e65bfba,64,80,C4Rn8,PyXtal,562
52079229-a74e-420b-a606-1614d8c451ab,64,80,Os4Sb8,PyXtal,563
2b206a13-012c-4e14-b55e-1534501a2b25,64,80,B8Hg4Pm4,PyXtal,564
5688bf0a-1c9c-40b1-be9a-623d096762bf,65,122,C16Ga4Pa8,PyXtal,565
e5cbc3d6-9ed2-44d3-9208-c99efbc5e25f,65,122,Eu16Hg8Sc8,PyXtal,566
aab70ad9-aa7a-407b-a30d-06ab02863e4b,65,122,Kr4Li4Mo8,PyXtal,567
248d3399-c597-40dc-8538-49265f33e83b,65,122,Cl4Na8,PyXtal,568
c144c2e3-f875-430c-a0f4-7f2e6ceb7843,65,122,Ho8Re4Tc4,PyXtal,569
75580888-f219-4106-b2f6-5cea5d69fd22,65,122,La4Mg8,PyXtal,570
a5ee7a23-5324-446c-bd67-1790aa48079a,65,122,Cs8P4Pm16,PyXtal,571
1a221007-fc7e-4f87-97de-e68a587fdb85,65,122,Ce8Hg4,PyXtal,572
09eb6b96-ae1e-4fc6-aaaa-5cc60e8db1c8,65,122,Na4Sm8,PyXtal,573
9e004260-eb2d-4d6e-b2f5-42a07581a322,65,122,Ca8Rh4,PyXtal,574
0f7f883b-1411-4a75-bc6a-68aea7856389,28,39,Fr4Ta4U8,PyXtal,575
22449a6e-3c97-4c1b-826b-1bb4e9f2cea6,28,39,Cs4Sc12,PyXtal,576
efe30b6e-5d54-457e-adaa-9fbd7efc65b0,28,39,Os4Tb8,PyXtal,577
814f5428-78b8-4e31-bcba-cd5da442097c,28,39,Rn4Zr8,PyXtal,578
784280f5-88d2-4281-ad90-85ad70b32650,28,39,Sc8V4Yb4,PyXtal,579
84146ede-316c-4971-a752-882ed5eb9f45,29,40,H4Pd4,PyXtal,580
706aeb8e-f788-44fd-b7be-0bcd1f73078a,29,40,H4At4Pb4,PyXtal,581
601e88e6-9618-4e0f-bf90-43e921fbb251,29,40,N4U8,PyXtal,582
a08ea5bc-30f8-4e6b-9a45-570e7fa82ba1,29,40,Cr8Mg8Ti4,PyXtal,583
2388dde9-047c-4321-a74b-ca5a0e58f37a,29,40,Ca8Sm4,PyXtal,584
cf3b5f84-a20d-4140-a152-f39e568a431b,29,40,Cs8Ru8,PyXtal,585
8bfb375f-58c0-45f2-8ae6-f470e4ac50c2,29,40,Hg4Mo8Rb4,PyXtal,586
225fb85c-5769-4ecf-84a5-4d1eedb88b68,29,40,C4Gd4Ne8,PyXtal,587
88898ab2-13ca-4309-b511-a61f5ebc45d9,29,40,P8Sn4Y8,PyXtal,588
71557a2d-8723-45dc-836b-8c14acd92757,29,40,F8Tm4,PyXtal,589
ab1220ca-beed-47c0-bee8-92da16fb56e8,30,41,Cr4Gd4Sc8,PyXtal,590
038c6efa-d356-4a4f-ac21-4ad74e689c48,30,41,Po4Sm8,PyXtal,591
6448bf6a-34b4-4263-bf01-a4d7093ff762,30,41,Ni4Pd8,PyXtal,592
efee70e9-bed6-468a-9cb9-bfbfbe0ee1ae,30,41,F8Sc8,PyXtal,593
125a5a78-6d8d-401b-9e1b-87b3ad73bf0e,30,41,K8Sc4,PyXtal,594
d71990ae-d5f3-4dad-8212-54cc395cb119,30,41,Bi4Li4Re8,PyXtal,595
35d7f1fa-2995-4883-ae9f-c5290ae9e9b8,30,41,Cr8Na8Y8,PyXtal,596
87e6f2a9-3c9b-4de4-bec0-f65809a752c5,30,41,Bi8Yb4,PyXtal,597
ad5d4a84-faba-4b60-9fce-fe0c43e1f9b5,30,41,Co4Rb8,PyXtal,598
98ac0f6d-829c-4cd2-954e-b8ff2473dd60,30,41,Br8Pm4Zr8,PyXtal,599
873392c9-d7c4-4ebc-99da-b0fc59c12055,53,128,Dy16Ra4Sb8,PyXtal,600
3042ab43-e670-4923-918e-d15b3a285d1d,53,128,Hg16Ni2,PyXtal,601
79de8be7-2e8f-4857-8717-4cc7e658e37d,53,128,Co8Sr2Tl8,PyXtal,602
c0ad9124-5499-48f4-9db3-469d6fda9537,53,128,At16Ca16Ta8,PyXtal,603
84a55b97-cb5a-4a0b-94a4-8ba78775e0af,53,128,At6B2V12,PyXtal,604
351aa319-ab10-49a5-b24f-87e5f31bef1f,54,129,In16Se4,PyXtal,605
c31204df-98ad-4e58-bc80-f6cd83c365f6,54,129,Ac2Os16,PyXtal,606
6156ef75-1596-4bc0-9a05-abf8211453d3,54,129,Sb16Tb8Ti8,PyXtal,607
4df6aba7-2221-4df8-91b7-ac45899d5a34,54,129,Ar32Ba16,PyXtal,608
4fe1cd71-1f70-425e-ba91-db5864ff5e88,54,129,Pd8Rb8Y4,PyXtal,609
ac7eb81a-53e0-481a-9aac-29743737299e,54,129,Bi6Br2,PyXtal,610
a5e8ca48-fd2f-4bad-861e-b0b26629caf7,54,129,Ge2He8,PyXtal,611
a2e365c6-6c66-483d-9676-a7f02f90dece,54,129,Ac16Pt2,PyXtal,612
f8939690-44b4-4c0e-9c82-d1666f8796a8,54,129,Pb16Re4,PyXtal,613
4b9544bc-2ed5-4a78-b838-021fc982bb7e,54,129,Al2Ce8Pa2,PyXtal,614
00525649-ea7e-4eb2-a2a7-30018624cedc,55,86,Ge16V4,PyXtal,615
d51b4d1d-5024-4c58-a15c-07eecf0eee98,55,86,Ag16Po4Ra4,PyXtal,616
03f5c4bc-1352-4add-87af-402d246a3dbc,55,86,Li2Pt16Se4,PyXtal,617
0651697d-c8b0-4d58-b630-bc738ea093f3,55,86,Hf16Pd8,PyXtal,618
0103d3f5-4c5e-4f27-825a-8b9a99d57fbd,55,86,Al8Gd2,PyXtal,619
eb4eb811-ce8c-4d23-9db4-e0c6c21f2c1e,55,86,Dy2Sc8,PyXtal,620
8fb8bc46-fc54-4372-b3a4-a53b547441b2,55,86,F16Ga8Hf16,PyXtal,621
524661e2-2cd3-47c1-a957-9b03dabddeff,55,86,He8Nb4Pb2,PyXtal,622
cc5c6fab-fdad-46f3-b904-46e7409e8ad5,55,86,Ti2Xe16Zr16,PyXtal,623
c3d6c18b-48ae-4cb3-9ca3-e3932493bd78,55,86,Ag8Bi4K4,PyXtal,624
ad2fa1d4-ddb5-4873-a408-41e57abf7cd0,13,49,Pb8Pm16,PyXtal,625
16aaeeb2-f1b7-49a4-98e6-7c57c3381dd4,13,49,He8Tc2Tl8,PyXtal,626
0c09a3cc-a8ed-40d8-a337-bfff3bd88c90,13,49,B16I4,PyXtal,627
b3c5671d-05d2-4a41-9e3d-b1a31a8b6738,13,49,N8Rb8S2,PyXtal,628
8f4031eb-366c-47f0-b5db-8da6c84cb36a,13,49,Na16Rb4Te2,PyXtal,629
3f35da76-e6a6-413c-8dce-358bf222262b,14,57,As8He8Ne8,PyXtal,630
dc036387-c50c-4393-ad87-cd70545ad17a,14,57,Fe8Tm8,PyXtal,631
e4a23272-feb6-4e3e-9246-0b167f60a89d,14,57,B16Bi16Hg8,PyXtal,632
51c47cc3-6e93-4fa6-a2ff-31ddcf5cb6a9,14,57,Ba8Br8Ne4,PyXtal,633
968915d6-3c62-43bb-a45d-4f6b2e4a7a52,14,57,Dy16Ir8,PyXtal,634
8547a5ce-dcde-4f5b-be78-c406d0d68303,14,57,As16Hf8,PyXtal,635
f5e73ea4-c48d-4ff7-b6c4-32c7ed815088,14,57,Br8Fe4,PyXtal,636
6222de1e-b8b9-4172-a025-6866ab8a6f3f,14,57,Dy8Sm8,PyXtal,637
6368ef92-ea24-40fb-a3f1-e5a9ac92c24b,14,57,H4O8,PyXtal,638
0e62b4dc-b0ec-4fa1-8a03-cc56e6fb8126,14,57,Dy8Pb8,PyXtal,639
898bb46f-3c43-4b12-bc46-49f8ef559abd,15,53,At4Ca8,PyXtal,640
2fead4d2-31f8-4fa8-9b1b-af505fe62607,15,53,He8O4,PyXtal,641
998eca41-ec12-4f5f-ba4b-aaaac89a7545,15,53,Nb4Rb16,PyXtal,642
50c54e88-3fe4-4513-98e8-a789098df13f,15,53,Cl8Yb2,PyXtal,643
ea1ec111-392c-45e2-8daf-fa9eb8efbb6c,15,53,B8Br2,PyXtal,644
ab8ddda9-d598-47fc-bffd-22f9c15d245a,15,53,Ag4Yb16,PyXtal,645
a7859c03-cb97-4b3c-b143-db5c6887bffc,15,53,La8U2W8,PyXtal,646
dabe0d32-a88b-4213-a4e5-1074161dd025,15,53,Eu2Tm16Yb8,PyXtal,647
563adcfe-cd4a-4050-9321-81e1b6733dfb,15,53,Cd16Tb4,PyXtal,648
1242f80a-ac6a-4a26-9216-c978e0737a01,15,53,Hg2Rb16,PyXtal,649
e6c76a68-000c-4784-817f-c6037da11a0b,56,137,Ho2P4,PyXtal,650
66586ce5-0ad6-46c8-aa8e-27eb942b53c0,56,137,Mn8Nb24Ru4,PyXtal,651
f7e306cb-32e3-4891-bec1-aae7d602ec62,56,137,Cs4Sr16,PyXtal,652
8835d301-0fe4-47f7-a8c2-2d0cef676ce9,56,137,Hg8Pm16,PyXtal,653
2f3031f9-97d5-4710-b02f-e19cca314947,56,137,O4Po8,PyXtal,654
8f4520bd-517c-4933-9474-81ade0a6c3af,56,137,Ag2Be4Br2,PyXtal,655
2f9b5347-2548-4ffb-9b19-bbfd00e28671,56,137,Na8U8,PyXtal,656
aa1b45aa-0540-4a4c-b957-b24c7f783537,56,137,Be8Se16V16,PyXtal,657
64193f01-189e-485b-bdd2-89d687fdfab3,56,137,P8Tb8,PyXtal,658
308fe39e-1572-4d47-ab74-a9e6aaeed754,56,137,Os2V4,PyXtal,659
da26b986-8b5e-4734-b114-c158cb90f934,57,125,Dy20Eu2Ra40,PyXtal,660
746a2317-cffa-453c-b770-8f43eccf486f,57,125,Cs2Tl20,PyXtal,661
85486ae1-b4db-49a0-9d43-eac12d4137f0,57,125,Pt8Y8,PyXtal,662
074b7807-ecae-4ea8-819f-0fc5beb1394e,57,125,Mo16Rn16Sc4,PyXtal,663
124d6951-bbff-4088-80c5-c56cb8e97e6a,57,125,Er20Mo4Nd10,PyXtal,664
92ba0d91-aedb-4328-acf2-96d79b97a414,57,125,Pa16Sb8,PyXtal,665
6badb9f0-fae8-47cb-aae7-281e47550182,57,125,Cs4Fe16S16,PyXtal,666
8b30137f-8909-4854-8870-ea4ce902d243,57,125,Cd16Cl2P4,PyXtal,667
a33e3f97-3983-45ef-9c21-08871a2b0059,57,125,Dy2Eu2Lu10,PyXtal,668
c8cc8867-f162-40cd-9ca7-6434507f2a87,57,125,Po16Sn4Ti16,PyXtal,669
9f20d9b0-efb1-4726-8808-6a160f7a6572,58,133,He16V8,PyXtal,670
c3a5e19a-9dd0-4fbc-af3f-b89f9094b3a5,58,133,Mn4Nd16Ni4,PyXtal,671
06bb876c-b3cc-4ef2-98b1-ed53f06b5c1b,58,133,As16Sm4,PyXtal,672
0f51cdb3-a428-49ca-bfde-484a31614a55,58,133,As48Ir24,PyXtal,673
36c069d1-b516-472f-a940-8a89b619cedc,58,133,Ce16Cu16,PyXtal,674
2ab15482-4004-4e4f-a52f-e5967356bc0f,61,134,Kr4Rh2W4,PyXtal,675
644a4f8b-1469-4c10-8c68-e3428b2aeab7,61,134,Na16Si8,PyXtal,676
25f53f29-6ed2-4274-92cf-68376a13068a,61,134,K6Rn48,PyXtal,677
0bd54b18-12e6-496b-9f62-e508e00e3b95,61,134,Co2Kr4Sr4,PyXtal,678
f759d78a-7058-4551-b594-6cda7e1f8401,61,134,Ga24Se2,PyXtal,679
b35bc156-71d2-4e94-a682-f71e8463f8ec,61,134,As2He2Ti4,PyXtal,680
22ba852e-466f-4577-8db3-49009220b61e,61,134,Ga2Ru8Yb8,PyXtal,681
091436c7-9c99-49e4-a766-c8e61f0234dd,61,134,Cs16Eu2Re4,PyXtal,682
8b509de3-86f8-4ec0-8228-1676f12749f3,61,134,H2Rn4,PyXtal,683
45b9c8f6-1bbe-46b9-9bf7-8b57bdf49f9d,61,134,Cu4Lu4Pm20,PyXtal,684
699c7d74-a86c-4d45-aed5-29cc6ff37020,62,126,Ne16S16,PyXtal,685
9857ae8a-8f95-4469-839e-73ba8ad7d6d7,62,126,Ca8Ne16Pb2,PyXtal,686
bdc33311-e800-42e8-ae85-709bfa9a9e9d,62,126,Ac4Er16Sr2,PyXtal,687
af5e0392-16d4-4626-8434-275b2b6de11e,62,126,F20Sn2Yb4,PyXtal,688
e22ad5f6-0808-4067-9233-69b010a29e59,62,126,Pa20Ti40,PyXtal,689
fa409ed6-6734-45e3-9fdf-6985ae88ec96,62,126,Al16S2,PyXtal,690
c3dd3e00-f9ca-4202-b57b-8ed156a6c8e6,62,126,Br4Eu40,PyXtal,691
bae093b0-5584-4523-bed9-ce3c6a32997d,62,126,Mn40Y4,PyXtal,692
c30e0ec2-b0cc-4416-94e0-464753efdebd,62,126,Au8Mg16,PyXtal,693
f55963e4-5635-426c-9283-31ab0f5b7a30,62,126,Ba20Nb10Sc4,PyXtal,694
148e1c79-7934-4073-9a8d-5307c66a1ca8,63,87,Os4Sb8,PyXtal,695
fdb5cd67-0916-4917-a276-77a30e34b91e,63,87,Ac12Ba4Mn6,PyXtal,696
04513564-0f7d-4434-980d-7f260638efc7,63,87,S4Ta8Y8,PyXtal,697
a76ea44b-f649-407c-94ab-ca6c435efc0b,63,87,Fr8W4,PyXtal,698
2245fd96-b882-4210-85a6-7018808fd93a,63,87,Ho8Ni4,PyXtal,699
42c6ccc8-dd84-4265-b8f5-195d500bdae5,46,112,Pr2Pt8Tb8,PyXtal,700
34ea4519-5653-4b51-8204-9892338ee306,46,112,Gd6Ho4Si12,PyXtal,701
51aa01cc-9fc6-4d77-a2b3-1ceb2ef53663,46,112,S8V8,PyXtal,702
7f3c74cd-0cd8-4edf-b163-5a63ab05404b,46,112,As28Fr14,PyXtal,703
f8335e55-3c54-4dba-922a-d256654a13b0,46,112,Ir8P4Yb8,PyXtal,704
d3263ba7-8927-4d01-b9b3-40d68d316ab7,46,112,Gd12Os2U2,PyXtal,705
9d0d639b-599f-4835-995a-3063588fe517,46,112,H2Er14Ni14,PyXtal,706
39cdab8a-2baa-4136-9759-0f630e26f0d2,46,112,Lu2Mo4Zr8,PyXtal,707
9ab9d995-5e30-4789-ae34-2ff7d947a9e3,46,112,Cr28Os2,PyXtal,708
50ee29e2-3435-4e2b-8532-44888d2a67b4,46,112,Gd2Ru14,PyXtal,709
1b9806da-7c9f-44e3-85c1-4810c50e08be,47,114,Er4Ir8,PyXtal,710
9fe15718-2e69-4445-b4bd-9e45cf0d0ba4,47,114,Nd2Sm2Y8,PyXtal,711
4a8b1717-f101-47b1-82a3-4886b6e4d496,47,114,O8Ru2Ta4,PyXtal,712
c5999423-2381-4388-9f95-50d8a2c1a1f8,47,114,La8Sc2Tm8,PyXtal,713
93ab16d2-344c-4615-a7fe-fca6596dcf1a,47,114,Fr8Nb8Tb8,PyXtal,714
6bcd6de6-4fdc-4ca0-8bb5-1b81b0a45afa,47,114,B2Pr8,PyXtal,715
344408f0-9a50-467e-bbe4-0a55b5ee7011,47,114,Mn8Pd8,PyXtal,716
b483c1ed-bb60-4588-ac9c-8c6d27ee925e,47,114,Ce8Fe2Hg2,PyXtal,717
cff9b8a6-f208-4751-9fbd-0b44bdeec7ad,47,114,Ag8K4N8,PyXtal,718
807e3c94-066c-42d9-8a0f-87be2e8ef2eb,47,114,Mg2Te8,PyXtal,719
8b621812-2abc-4e9c-8ebd-11361398a207,48,100,Ni8Pb2Ti2,PyXtal,720
4403a3df-9c1c-493b-a1d5-ab2242bc1a04,48,100,Be2Na4Pt4,PyXtal,721
17297d26-7079-4983-92c4-ed4ccb35d581,48,100,Ge4Ru2,PyXtal,722
f072f41d-6954-40cd-b9df-2685b391de92,48,100,Bi4Po4Sc2,PyXtal,723
d21157ba-fa1f-4d1c-a6be-24454f56c1f6,48,100,Li8Tb8Xe2,PyXtal,724
53d59ff8-c94f-4f29-8ae0-1544bdf3d1e0,66,140,I16Pa4,PyXtal,725
6b13238b-2add-404e-ac3f-f8881db85088,66,140,Dy32Se16Y4,PyXtal,726
4ddf4cbd-ae87-46ae-aebd-eb813646a234,66,140,Be32Na8Ne4,PyXtal,727
f48b23e7-c44c-4023-9817-6fd4bd98def1,66,140,Cl32Pd8Ra4,PyXtal,728
fbadef52-ed47-4485-9732-c75d028b711f,66,140,Cr4O64,PyXtal,729
385bffa1-7a08-4da4-822c-14f9fb14b0c2,66,140,Ba32V16,PyXtal,730
8ed56b01-52f4-47f6-a04e-b03f28fb412a,66,140,Al8F32Hf32,PyXtal,731
65c9140e-5102-48f2-86b6-bc6b21ddaa5e,66,140,Ra8V16Y4,PyXtal,732
de8017ea-6fec-446e-b659-667c0d6dcc81,66,140,Cl16Er32,PyXtal,733
fbd52d59-def0-49ea-b055-97a91034b530,66,140,Kr32N16,PyXtal,734
04ce332b-723c-448e-9e23-cbad07feeaf4,67,110,Gd16Rh8V16,PyXtal,735
46f1f9b0-14e7-48fc-b10d-b612554a37c8,67,110,Er16Lu16,PyXtal,736
2465d956-8cfc-42fb-a750-4cdc5eeb8621,67,110,Dy16Rh8Ru8,PyXtal,737
03289bc2-2b41-401a-9c06-6b64ee9f411e,67,110,B8Li16,PyXtal,738
34d2dc5c-415b-4fd3-a76d-5affc09c96f2,67,110,Ca16Re8,PyXtal,739
107f6422-1906-42cd-a10a-eb8690f96899,67,110,Ag16Ar16,PyXtal,740
1ca10968-4d9c-44bc-978a-a260f4d3df62,67,110,Gd16Kr8Sc16,PyXtal,741
4a727237-1ffe-4ed0-9b2a-19df3d22a539,67,110,Na16Ti16,PyXtal,742
dbc15ded-9671-4aec-bb9e-f9856d189b8e,67,110,Gd8Ir16Zr16,PyXtal,743
d09aae67-7a9f-4d93-8cb4-279efa0e5c2e,67,110,Nd16Po8Pt8,PyXtal,744
6d4bec04-dd06-4173-aec8-9d5ab69f70f9,68,88,C24Ca24,PyXtal,745
baa77b04-cc10-4e39-80e9-8395f8d3ca7a,68,88,S16W16,PyXtal,746
e89f5e8c-ff48-4b03-b03d-b39e6ce1ab80,68,88,As8Mo16,PyXtal,747
178ed66e-7e0d-4dc9-acdd-6c186006474c,68,88,Sn16Yb4,PyXtal,748
aba74da6-c2d3-4f2a-8eed-26e626a0177f,68,88,As24F12W4,PyXtal,749
92a86349-2aff-4bfd-8353-d3bb637131cb,31,37,Al8Cr8Mg8,PyXtal,750
123c6c84-5a60-4cc9-af71-6e59e6bc508f,31,37,At12Pm4,PyXtal,751
65652a77-5ca7-473e-88d1-9213f51353c8,31,37,Ho8Y8,PyXtal,752
ba130426-80ae-447f-8219-e054c205302a,31,37,Cs8Mo8Se8,PyXtal,753
7527f7c0-a6e6-4ea4-9a69-8933dfb7394d,31,37,Ge4Ir8Sr4,PyXtal,754
de133ca6-68c9-4e24-baf9-e726b403fa2a,31,37,I4Tc4,PyXtal,755
6de774fd-1bd3-43a3-aa63-d8bcd9c6290e,31,37,Rb8Th4,PyXtal,756
31589335-7fa3-41d4-9539-04200562a546,31,37,Ba4Bi4,PyXtal,757
c493c291-a7cc-4722-a7d9-a8f5316bdbb9,31,37,C8U4,PyXtal,758
65bb443d-8940-4b1e-9619-9488f31f67db,31,37,Hf4Si4,PyXtal,759
0f17447c-7bfb-409f-a848-d124f72cf6fa,32,68,Mg8Sc4,PyXtal,760
71389818-f0ed-4845-9831-c67821bcd63d,32,68,Br8Tb12Zr16,PyXtal,761
9cc16fe9-6e5d-43bf-81d0-1345d4ed1249,32,68,Br8Cd16Sm4,PyXtal,762
b4cba4d1-aa36-4ad5-a230-7fa75610f1db,32,68,He16Sb16Sr16,PyXtal,763
77402ffd-bb96-4da2-9423-c1198631d1a1,32,68,Ba16P16,PyXtal,764
f3b13b0a-393f-4ba3-a014-7eb8a0d3c7fa,32,68,Au4Nb16Te16,PyXtal,765
b2cb4f6b-1fa1-4baa-a090-666b9d39832c,32,68,Be8K8Mo8,PyXtal,766
9258273c-f371-4dec-b431-1d045260d0db,32,68,Cl4Mo4P8,PyXtal,767
e679343d-d719-443f-926e-cf6ae19efc0d,32,68,Kr16Zn12,PyXtal,768
c9ae5602-1621-4021-9c29-178b56b701fc,32,68,As4Br48Cs48,PyXtal,769
09442073-d8b0-42b3-b1f5-ea5d08247c85,33,23,Cd4Cl8,PyXtal,770
1f80d939-7f7c-48e1-b3ee-953548e98b9e,33,23,Hg24Zr12,PyXtal,771
4cc36993-c22b-4aa6-9474-2d68b96bf31e,33,23,As8Ba8Mo2,PyXtal,772
becd0d85-9175-44ee-af35-88072a76f36f,33,23,Ta24Th2Zn2,PyXtal,773
6889eb3a-6255-466d-b622-2842cc5dd1a5,33,23,At8Dy2Ra8,PyXtal,774
fb42d67d-dbb7-471b-b303-e7c63e84b858,36,73,Ho8Tc40,PyXtal,775
8f163adf-9e7d-4056-8a3f-5429adf2ac3e,36,73,Er16U8,PyXtal,776
7cacf641-56d0-4342-8219-ab72615d3db4,36,73,Mo16Os16,PyXtal,777
bc6b209e-1308-41dd-af7c-d1f8c8a6d9ae,36,73,He16Tb16W8,PyXtal,778
7f9a0877-9305-46fa-85d1-7bfed459a580,36,73,N16Na16,PyXtal,779
434dea60-4e31-495c-9148-f70107c730ec,36,73,Ca40Pt40Zr40,PyXtal,780
9dc458ca-082f-4aff-b174-e12c942f495c,36,73,Cu8Tc16Th16,PyXtal,781
53a15d96-3f28-4472-9837-596af01704bb,36,73,Cl16Pa16Sb16,PyXtal,782
235ca751-560d-4fbe-b5db-33c173c2a340,36,73,Li8Ni8Po16,PyXtal,783
24081c2b-32c8-489f-b468-56daf1c83381,36,73,Dy8Ta8,PyXtal,784
bde1cc81-70ce-4c17-bb6e-71e6b36f0de0,37,42,N4Th4,PyXtal,785
5ce52bb1-ddc0-4abd-b342-73120b1dc053,37,42,Cu4Ra8Rb4,PyXtal,786
cfbde456-4680-4a31-a1db-e78d496ecf28,37,42,Fr4Mg4,PyXtal,787
0237d1da-8800-4579-bc15-3bb894655e0e,37,42,Cd16Kr8Zr16,PyXtal,788
c0fb1ca5-424a-498a-8da6-c6494b9a785b,37,42,Ba4Cs4Te4,PyXtal,789
b3dcd82d-10db-466c-ab42-7cd4638b3b39,37,42,C8Ga4,PyXtal,790
38085ede-985b-43a9-a148-1e16d56fce8a,37,42,Li4Os4,PyXtal,791
c136ca1b-2724-4c55-8f39-c35f24e4d1a5,37,42,Sm8Yb16,PyXtal,792
a444bdfe-1952-4fc7-8725-0f3190a9e3a1,37,42,In4Pm8,PyXtal,793
83686136-f5bf-4677-83a0-c52cbc331c92,37,42,Co4O4Sr4,PyXtal,794
b5967c65-8486-4a63-80d3-0175ed9b5a09,38,43,Lu16Rn16,PyXtal,795
79c24c01-10a7-4471-acca-febe3dd0fe97,38,43,Bi8Tb16Te8,PyXtal,796
a7bfa968-1e88-46d4-a9c4-415423b4ebd5,38,43,Ac8Mn16,PyXtal,797
44a7559d-59b1-4449-b20b-2f59592c2d9e,38,43,Th16W16,PyXtal,798
29aeddd4-7778-401a-97c2-8ba51c72b2cc,38,43,Ga16Th8,PyXtal,799
80695483-87fc-46ea-b4c4-f2ade56574b4,88,222,Tb2Te48,PyXtal,800
924623c2-264c-4f33-923a-3e98834a955f,88,222,Bi48Ru6Te12,PyXtal,801
240d95a0-a7b6-4b37-895b-7c7c406d92bd,88,222,Pd16Pr48,PyXtal,802
0b85db53-4841-44fb-9bbd-3e02ba34aced,88,222,Be48Cs2Eu48,PyXtal,803
4a3b5abc-2c72-468e-a217-9fd9d98e9eff,88,222,Al12As16Ta48,PyXtal,804
b6f7af2c-2ef1-4a4a-9abe-1614491e8faf,89,229,Cd6Ir48Mg8,PyXtal,805
26dcb8a8-a732-4a8d-a835-2eb30327387e,89,229,Mn48Pb36,PyXtal,806
103c4b02-4608-4f3e-aa59-165369ff8446,89,229,B12Hf144Mo16,PyXtal,807
f37df259-5982-4284-8b91-029f7d2346bf,89,229,Al2In8,PyXtal,808
65ee0a81-01d5-4412-adde-40645c43dcfb,89,229,Pm8Sm12,PyXtal,809
6ececb83-ae0c-4c62-ac2f-1793f2d83c16,89,229,K2Mg24Ni96,PyXtal,810
de5d2fb8-db36-4b42-b0e8-89f6b7ca6dbc,89,229,Cu8I48Rb12,PyXtal,811
7a4bbd3c-47b4-497e-821d-492ed73990e0,89,229,Pa6Sc24,PyXtal,812
930176e4-75a5-45f7-961f-795f345e7c0c,89,229,Al16Au16Tl2,PyXtal,813
c5623bbd-f2c6-49ef-a193-f7080294bcbb,89,229,Ba48F8,PyXtal,814
f6986942-ae85-45d6-995e-2d90210baa01,90,214,Pd16Ti8Zr16,PyXtal,815
ed5f8aa9-29b7-4594-82f0-26f32c70f969,90,214,Al16Mg16Xe16,PyXtal,816
0e64635c-3429-4554-926a-63bfc3aff848,90,214,Be12I16,PyXtal,817
6adce8fd-b6e2-41a1-8041-9f4477913daa,90,214,Nb24Pa12,PyXtal,818
296a6caf-c439-4b1f-b021-f80f480f36c7,90,214,Mo16Zn8Zr8,PyXtal,819
3ad12c75-c0a3-43f8-a82d-351e12ea4f4a,90,214,Ag8P24Sc24,PyXtal,820
1eebb404-8b4c-4896-a531-f607c9ee75c0,90,214,I24Zr12,PyXtal,821
7a61b337-a58c-452a-b53c-05fea003126e,90,214,Hf8Pb72,PyXtal,822
878c0981-8330-4fdd-a5e9-a67dff6ba923,90,214,Sb8W16,PyXtal,823
8341346c-094e-4377-ae46-2692853e233f,90,214,Hf16Re8,PyXtal,824
dcc0a740-6ae9-45fa-9c84-7e23ce1eb106,33,23,Cl24Re24Xe6,PyXtal,825
a4443563-dcd8-4ada-8559-4c37c609c236,33,23,He12Na24Pm12,PyXtal,826
22309518-bba8-4ca5-93bf-7386ad792c70,33,23,Gd8Nb8S8,PyXtal,827
eb15fd7e-00a1-48e5-b70b-98ed0ba6a7c7,33,23,K12Pd12,PyXtal,828
4b2a8b4a-23d4-46f0-add5-1ba5e92a8e03,33,23,Dy8Li4Y8,PyXtal,829
2aadfa17-5803-4805-a9f9-56818fde14bb,34,74,N4Po4,PyXtal,830
e5c30725-802b-44ab-8324-5341d08ac47b,34,74,Au16Mo4N8,PyXtal,831
573c9bdd-9d1c-436a-a572-8b348e8d3bdb,34,74,Bi32Ir4,PyXtal,832
7b015654-500b-4338-8087-cb867b582a52,34,74,Be4Hf16,PyXtal,833
7b22fe02-19cd-4aeb-a1ae-24b9948e2a47,34,74,Fe4La16Te4,PyXtal,834
5b484a2f-626f-4d15-89e6-bf4bf4f741d8,34,74,Dy8Sb4,PyXtal,835
68559b7c-ad97-4c3e-a9c2-781d4b0b5deb,34,74,Cd16Hf8,PyXtal,836
51eb64ac-4743-4736-b7fb-028eac4bdfe7,34,74,Pb8Tb32Ti8,PyXtal,837
edf82834-a78a-4c99-ac8e-475347460714,34,74,Cr20P20,PyXtal,838
b8c130b1-0c2e-439e-85b1-775437275bf5,34,74,Ba4La4,PyXtal,839
5cb0ed5c-adb1-44d1-a20d-6fb2d8257d26,35,72,Cd4Co16Eu4,PyXtal,840
29b5096a-9bd8-4b38-91e5-572246e74914,35,72,Ir4Pt16,PyXtal,841
3290e75b-4a6b-4177-a065-947d6ddb924f,35,72,At16Mo4Po4,PyXtal,842
a9fd7853-f4fa-4490-a563-636546752763,35,72,F8Nb8,PyXtal,843
9be3fb9d-05a5-42da-b95d-9cc192fc42d0,35,72,Ba16Cu4,PyXtal,844
515e8800-705b-419b-9005-d538088787fe,35,72,Ra16Re8Rh16,PyXtal,845
7785a577-baa2-42e3-8c68-1213e19e43de,35,72,Ce16Co4,PyXtal,846
ca2cfd7d-11bd-4f4b-907c-a1c76a37403f,35,72,K16Po4Se4,PyXtal,847
62779249-e020-47bc-bba4-f5b73c7a2e0c,35,72,H48V12,PyXtal,848
ca970fdf-5879-4395-bd61-b207cf6e52ac,35,72,Gd8Ne16O48,PyXtal,849
d712282e-d3a0-4ad5-8899-7e892546352d,68,88,As24Cl12,PyXtal,850
22ace33b-e9a2-4c84-aa14-83c3ae0fefb2,68,88,As16Ce4,PyXtal,851
4ae9ab5b-b5c3-406d-88c4-1a987d4dc5e5,68,88,Pd16Po16,PyXtal,852
caacdb83-4f29-423c-87e7-33011d1a524c,68,88,At8Cd24,PyXtal,853
ad64ed1d-a282-42d4-b599-a3ee89bfd154,68,88,Cr16Ir16,PyXtal,854
11bb6693-7de4-4689-b619-faf7c5a4adcd,69,141,Xe8Yb8,PyXtal,855
4c6c0826-c074-4fbc-88e6-2df8cc41c053,69,141,Lu32Pa32Tc16,PyXtal,856
34f6b4ea-704b-4dde-b88c-ecdeec186d64,69,141,Mg4Re8,PyXtal,857
a0c93206-2af2-41c6-bd7e-07403c666512,69,141,Nb32Sc16,PyXtal,858
02ab7dea-4746-449e-8262-345e20f2c239,69,141,B8Cs8,PyXtal,859
e0c4498f-de0b-442e-8d39-544228b2cbfc,69,141,Ga32Ru4,PyXtal,860
90b4679e-aa19-48e5-a1d3-76e5693bed9e,69,141,Ge48Li16,PyXtal,861
707078b0-0cfd-4c75-bb93-9c32d7209b34,69,141,Be16K32Mg4,PyXtal,862
54040bb4-92fc-4f7d-b2ec-a91584d66dbc,69,141,H4Po4Re24,PyXtal,863
cb6135bd-14ee-4e3a-8c69-b852a0834698,69,141,As8Gd4Sc8,PyXtal,864
96eb1069-b841-4466-af5a-c21913f9c528,70,142,Eu32Ge16,PyXtal,865
6bee94cc-e120-4228-8d27-732b7de309ad,70,142,Pm8Sn16Y16,PyXtal,866
2543659b-f3b4-4066-874a-9d6aa9fc8848,70,142,Au8Mg32Th64,PyXtal,867
ef7316f7-97e1-49e6-8b31-ebc247150152,70,142,Ge16Si8Y64,PyXtal,868
b51dbd6d-1425-43e8-81ea-28d6f81bd817,70,142,Mg16Tl16,PyXtal,869
cf1663c2-143e-4db3-a3f5-45388059fb02,70,142,Ho16Ni16Sm8,PyXtal,870
7a0b3bca-0f9a-4cdc-9ce3-14f9a6b1e6bd,70,142,C8Ce32,PyXtal,871
5118a621-e3f8-466d-a91c-827ca3076abf,70,142,Ar32Bi64,PyXtal,872
42c2e999-c458-488b-a8d7-5a526ffcabfb,70,142,La16Pr32,PyXtal,873
d6b1d925-69d6-4497-9f86-53c96e6eed91,70,142,Ta16W8,PyXtal,874
ac435b8b-e3f1-41a5-9ab2-e58237da9b38,86,205,Be4Cu8,PyXtal,875
466e9986-67f4-4e66-9c48-bd12613e96db,86,205,Ga8Kr4Pb4,PyXtal,876
6b4212b7-6a26-4c9c-9f6e-0ddfb3898dfe,86,205,Ca12Cu24Ho4,PyXtal,877
eb838f84-4af2-4b39-b498-b2a6870523a0,86,205,Hf24Rh12,PyXtal,878
e4796c4c-2f21-4ac4-a587-6ef572760fcd,86,205,Au8Hf4,PyXtal,879
35bb3f49-2fc5-4992-b920-c1a0bc60a474,86,205,Cl8Hg4S4,PyXtal,880
d5632948-0a18-4ebe-98cf-e599a67e9ea8,86,205,B8V4,PyXtal,881
042492fe-4746-463c-a9b0-bd0d37cf9671,86,205,Gd4N8,PyXtal,882
691dd363-a778-4e88-b2c4-86cd29c25a01,86,205,Al8F8Nb8,PyXtal,883
c63545f1-cca7-44f3-8538-83dde1c8d6f6,86,205,Na8Ne4Rn8,PyXtal,884
eeaf158c-8790-4649-854b-a15c3f01c7df,87,201,Ag12Ce4,PyXtal,885
91b833a5-626f-437f-a0e1-6e2f4127c5eb,87,201,Ar4Pd24,PyXtal,886
6d9edbd5-4dc2-4ba2-b3ac-6dab95878d33,87,201,Ar6Nd24,PyXtal,887
c188cc6c-161b-484b-823d-b2b1fca89e45,87,201,Be24W6,PyXtal,888
8d74ffbb-ba5c-4ce2-9ae9-f4673776bf16,87,201,At8Hg24Zn2,PyXtal,889
91e49c41-1361-4b36-a22b-f57715aa47fc,87,201,Ag12Cd24Ti8,PyXtal,890
bf3725ca-9cf0-421f-8b61-0a609e560247,87,201,Ce12Er24Tl2,PyXtal,891
226123ff-faac-45ef-ad5e-dce83692e414,87,201,Cu4Ga24Sr12,PyXtal,892
6431fe4b-e6cd-40bf-b545-2b7c26dce1c6,87,201,Ca24Ga24,PyXtal,893
c9c0a462-f274-40ab-bc08-52d664b2b258,87,201,Ba12Ir24O8,PyXtal,894
7089c386-deb9-4ce9-8e56-295c29c9d8a5,88,222,Bi6Mo16Tc48,PyXtal,895
5881bc83-b384-4166-a4fe-b4d44f841ec7,88,222,Cs48Mo12Si16,PyXtal,896
63556ee8-8942-4ffb-847d-959a1276d3fa,88,222,Be6Cs48,PyXtal,897
09b2224d-ff1f-4281-af45-e1c8e1af6a32,88,222,Ba48In24,PyXtal,898
eff7ff84-6980-47aa-a645-603e7b1ce5b7,88,222,Hf48Nd8Pm48,PyXtal,899
70bf7c8a-c0a7-495d-88a6-83ba03c41e95,98,228,Bi48Sr192,PyXtal,900
3c9ae78a-fb76-4dfe-8a9a-183891caaaa7,98,228,Ir192Sr64Ti16,PyXtal,901
3e557c8e-4a72-42d5-9600-a502030e8ce7,98,228,Ce192Cl96Th96,PyXtal,902
1ce81d16-3b9f-4462-8321-05bfa7b4f55e,98,228,Ge64Rb96,PyXtal,903
6a709ce2-259f-4dbb-9512-c5ab08523d94,98,228,U96Zn192,PyXtal,904
3ed9f198-6cc0-4290-a96e-6353b0a52ad6,99,1,Au2Cr3Rh2,PyXtal,905
43916bc7-ddce-4504-a715-ac5edb504ab1,99,1,Eu2NiW2,PyXtal,906
6933a876-3bdb-4c2a-95d3-1947d59cb1e7,99,1,Ge3,PyXtal,907
dbb98263-525e-4fa5-8a73-319ab1f80778,99,1,Gd2HgSc,PyXtal,908
da02d417-5f68-4055-8510-2e0551f3a8c6,99,1,Fe3Nb3Ra3,PyXtal,909
7a317922-9c36-4563-acd3-1eeb476069f2,99,1,At3Fr3Ir3,PyXtal,910
68c6d5eb-6a2e-4c05-9674-1e3e9a487c71,99,1,Sc3Se3,PyXtal,911
812ca3eb-0ad6-4077-8774-c9e88c000b16,99,1,NePoRb,PyXtal,912
d65a5c29-bfc1-49c0-9bbb-27d353ae8561,99,1,Ni3,PyXtal,913
7c8c0359-6ef2-4c2d-b5f6-615fd67aae63,99,1,C3As3La3,PyXtal,914
211df4e3-2fc1-4e2d-8205-aff60b3bcdae,99,1,Ra3Sc2Xe3,PyXtal,915
c9a883ad-084a-4e86-a910-5a24084acaae,99,2,Ar2Re2,PyXtal,916
2daa3665-51b0-40f0-99e7-9726d67f0812,1,3,Lu2Sr2,PyXtal,917
5fbb97f1-d913-4b0d-8da9-5841c5366e39,2,4,Cl2Mn2,PyXtal,918
749725eb-91c8-4a9f-9bdf-b82ffb3d795f,5,5,Br2Ni4P4,PyXtal,919
8652c722-38a7-46d6-9583-dc83fee02d50,1,6,As2B2Te2,PyXtal,920
c4504cad-f077-4715-9b58-51c832c72fd0,3,7,Mo2Tb2Yb2,PyXtal,921
f43e1a45-5ec5-4e85-b256-50a17d7f7ab3,5,8,N2Pb2Se2,PyXtal,922
9eda7380-045b-4122-b292-e454c676d960,6,9,Ca4Ce4Cl4,PyXtal,923
3c5ffc34-d650-41a7-aab4-20c84f7b7fb6,1,10,Cl3Tm4,PyXtal,924
5b80c05c-c6dc-49c8-bfc2-571b1997eb5b,91,220,Rh24Te12,PyXtal,925
b927cd38-b246-40b5-adfa-e8cdd1864552,91,220,Pr48Sb12,PyXtal,926
babf587e-3f69-4665-8f60-b1685439a792,91,220,Bi24Rh12,PyXtal,927
2a237e70-0a9c-44dd-9f72-33d55842bd7d,91,220,Al12N24Os24,PyXtal,928
9419ada0-f023-4510-a94a-6d444fd42c73,91,220,I24Mg24,PyXtal,929
51a2c97a-9b85-4e22-b1f0-3f3db8bd061d,91,220,Ag12Co24,PyXtal,930
6fb617f0-9bb5-4486-8691-06f8a19a210c,91,220,Cr16Pm12,PyXtal,931
e960f22b-b9db-4e79-8fb8-7caaafbf4ab4,91,220,Y24Zn48,PyXtal,932
c342a180-8fb8-47dd-9f9b-696a0f6d3e23,91,220,La12Li16,PyXtal,933
f07203f0-2bec-43e5-8f5e-b3746ab229b8,91,220,H12La24Nd24,PyXtal,934
bde8fa36-5b0c-46be-a36d-f9b3208aa6bf,92,206,Dy8In16,PyXtal,935
0984ea8b-c86e-4fa9-8f21-5a01ae358168,92,206,C8Br48Sn24,PyXtal,936
c8bec4dd-4479-4a19-ae8a-bc532b0d4d4f,92,206,He8Mo24Th24,PyXtal,937
ea13788d-59eb-4eff-8cf9-cd7e17156821,92,206,He8La16Ni16,PyXtal,938
e260d4f3-9123-4d5f-9c50-e9778dcdd0e0,92,206,Al24Ge8K48,PyXtal,939
46e448f7-0314-49af-b3c0-536519f76d8d,92,206,Cl24Re8Xe24,PyXtal,940
5fc69f05-8fc2-42a1-b49b-b86c6c9c0f5a,92,206,He16La8,PyXtal,941
5cf40039-1cca-493b-a5ad-da14cafcdaf2,92,206,H16Rn16,PyXtal,942
a886f906-34f0-4274-8285-17436910a5b4,92,206,Gd8Ho16,PyXtal,943
906d106d-6d5e-4c4b-87de-cab87620413a,92,206,Fr8Mg16,PyXtal,944
6ec6521a-b6ca-4720-92b4-41466bfc5a04,93,230,F96Mn96Re48,PyXtal,945
238670cb-1ec9-4540-a57a-aa5860dffefa,93,230,Ir32Pa16,PyXtal,946
75673d70-d716-4d0b-a5cf-1b15b3079e8d,93,230,Ac32Cs48,PyXtal,947
9a1d67ae-c07e-4701-ad38-4c3d13a74066,93,230,Eu24Mg24Nb96,PyXtal,948
80547e97-ccda-49f7-b4e4-8b7eb903d422,93,230,Eu96Zr48,PyXtal,949
3573fbe8-1373-44a5-8da5-59d3b1a33cdc,93,230,Be48Cs16Tc32,PyXtal,950
bee8f572-2239-441e-8450-c949abef6311,93,230,In48Rh16,PyXtal,951
c6426ba2-2eb5-4f3b-a100-9dc5fcfffa22,93,230,Dy48Nb48,PyXtal,952
e2b73117-6693-4eef-95e0-241e3de2a3d1,93,230,Fe16Zr32,PyXtal,953
ff73b319-d189-419a-a3ef-1849f6d30fe3,93,230,F96Fr24K96,PyXtal,954
9c171fc9-ed97-4789-bf43-ffc5fb2c0586,94,209,Ce144Ta48,PyXtal,955
5a88f2bb-175b-4c7d-9e20-dfc0401e150c,94,209,Cu4In96,PyXtal,956
bbb38942-a143-438b-a87e-044f02a10d94,94,209,He12Ti144,PyXtal,957
d7b02c21-0cd5-4dd0-acd2-ab9af483943c,94,209,Fe24K12Os96,PyXtal,958
bbd58374-cc3a-4f75-b755-83f32780e465,94,209,Ta48Zr144,PyXtal,959
5ed94a23-0884-4f34-a7bd-16ba5964d0a7,94,209,C96Pm48Rb8,PyXtal,960
0168e4be-e58c-41f4-9b53-319690f9b65b,94,209,Dy144Pb4,PyXtal,961
ba3f62c9-4641-42e9-8434-b67dc19160c2,94,209,At12Ir24Tm96,PyXtal,962
7a39ccd6-ae8f-4310-a579-40cb5d3819d6,94,209,Re144Yb144,PyXtal,963
94c57225-2ecf-435a-87fe-10aa1e5a72b0,94,209,Ne144Sb24,PyXtal,964
b596ab63-5d0d-40f9-a01b-8f8d2b65b4c1,95,210,In96Pd96,PyXtal,965
9c52fe8f-d94c-4793-8afa-867fe32a0179,95,210,Fr48Gd96,PyXtal,966
f603b477-563e-4b10-8747-dd415dbd11b0,95,210,Eu16Nd96,PyXtal,967
2121963c-1d9c-4795-8e0e-de2939ecbb25,95,210,Rb96Tm48,PyXtal,968
06d4de8a-1a30-46a2-ba1c-10c8892d556a,95,210,Fr48Pt8,PyXtal,969
e5c45f4c-adad-45a1-a743-df31725cb5ad,95,210,Be48Ga16Si96,PyXtal,970
557ebb54-03ec-47e5-ad60-c3c4b65e2522,95,210,Cr96Nb8,PyXtal,971
f25b998c-7675-4ee5-96af-29029502eb0a,95,210,At24Au48Fr32,PyXtal,972
ee57e413-467e-4f4e-9643-6b95d937cbae,95,210,Al24Cs48Ge96,PyXtal,973
a518e95e-c205-4cbf-b517-7cb34f731c5c,95,210,P96Xe96,PyXtal,974
8fd91f1a-2d61-48a1-99a3-25a18a4a5ca8,96,226,Ga16Sn192,PyXtal,975
23edfea0-8778-4de0-9a0b-9f1eb2bb6bf0,96,226,Er192Fr32U96,PyXtal,976
e749898b-7465-4b15-a178-0e518c315f63,96,226,Br96Hg192,PyXtal,977
11ba3505-7d52-4ad7-9931-22cc1be64902,96,226,K24Xe192,PyXtal,978
087305ca-5d63-4e15-a467-dd11c4c42586,96,226,C24Pr192,PyXtal,979
ce10e40a-ae53-4d40-82ca-dd2f3e48f39b,96,226,At24Ga192W48,PyXtal,980
8d088474-1f91-40f1-933d-b203286e8f8a,96,226,Dy192Y96,PyXtal,981
287fb78f-0558-4119-9d81-49f6764fdf51,96,226,Dy32V192,PyXtal,982
35015244-11b1-4a3f-a6e7-10b749cabf41,96,226,Bi48In96,PyXtal,983
da212876-f59a-46f8-9bb6-eab960749928,96,226,Be8Ru192Xe24,PyXtal,984
05b85617-3b87-403f-bdec-fb85bc2542ce,97,203,Br8Ni96Tm8,PyXtal,985
b2778fb2-bf08-45cf-8e5b-20a58a34fdb0,97,203,Ba32Ho96V24,PyXtal,986
7e41f810-bdfd-451c-800d-e5ba5561f435,97,203,Ga96Os96,PyXtal,987
d59966ab-f958-440e-97e3-650c88375404,97,203,Cl16Os96Pm32,PyXtal,988
2109b3f9-c3d2-4b0a-858b-1750da00fb01,97,203,I32Ir32Nd96,PyXtal,989
05de0fe0-fdf9-4c8a-a7fb-ad9d9b98dc49,97,203,Ce96Hf32Nd8,PyXtal,990
5d9d25bf-c333-44f7-844b-200569bce2c0,97,203,Eu48Pt96,PyXtal,991
5e17fafd-be32-4a54-b95a-b03ec55895e1,97,203,P24Tc96Tl96,PyXtal,992
aaaf6e24-5031-41c9-8ad2-dd7c90bf2d78,97,203,Cl96Ta32,PyXtal,993
cea6d567-884f-498c-95bd-3ba725d4c2ce,97,203,Cd96S24V16,PyXtal,994
d9430020-f8ca-4335-83fd-fc7c434f412b,98,228,B192Si48Tl16,PyXtal,995
44ddd02a-69ff-4cc1-aced-98582650a11a,98,228,C48Bi96,PyXtal,996
00b735a9-c1f9-4268-9b7a-734304ee5e62,98,228,At96Hg32,PyXtal,997
eb353bba-59bc-4e78-925b-9a8754cd340e,98,228,Ac96Br48,PyXtal,998
4b1d4f58-5842-4039-ad0e-0fab773ae110,98,228,Ag192Co192La64,PyXtal,999
